Date;Abf. Stoffe [mg/l];Al filt. [µg/l];NH3-N [µg/l];NH4-N [mg/l];BSB5 (EN1899, ohne ATH) [mg/l];Ca filt. [mg/l];Chlorid [mg/l];Fe filt. [mg/l];LF (20 °C) vor Ort [µS/cm];DOC [mg/l];K filt. [mg/l];Mg filt. [mg/l];Mn filt. [mg/l];Na filt. [mg/l];NO3 [mg/l];NO3-N [mg/l];NO2-N [mg/l];pH-Wert (vor Ort) [-];o-PO4-P [mg/l];P-ges. [mg/l];P-ges. filt. [mg/l];O2-gelöst [mg/l];SO4 [mg/l];KS 4,3 [mmol/l];TOC [mg/l];Wassertemp.(vor Ort) [°C]
1982-01-15;;;;0.065;1.6;;10.0;;292.0;;;;;;;0.745;;7.85;0.04;0.11;;11.5;27.0;;2.15;1.5
1982-02-15;;;;0.07;2.6;;13.0;;300.0;;;;;;;1.02;;7.85;0.04;0.11;;8.9;27.0;;2.65;2.65
1982-03-15;;;;0.06;2.6;;13.333;;338.0;;;;;;;0.82;;8.1;0.042;0.159;;11.533;;;2.4;4.133
1982-04-15;;;;0.055;1.5;;9.0;;255.0;;;;;;;0.785;;7.7;0.04;0.065;;10.3;;;1.75;5.15
1982-05-15;;;;0.025;0.75;;6.0;;187.0;;;;;;;0.46;;7.85;0.024;0.092;;10.4;;;1.6;7.0
1982-06-15;;;;0.055;2.4;;4.0;;172.0;;;;;;;0.27;;8.2;0.032;0.095;;11.15;;;2.85;9.4
1982-07-15;;;;0.115;1.05;;10.5;;268.5;;;;;;;0.515;;7.6;0.077;0.1;;10.05;;;1.7;12.75
1982-08-15;;;;0.07;2.15;;8.0;;264.0;;;;;;;0.465;;7.95;0.03;0.112;;9.1;;;3.25;12.65
1982-09-15;;;;0.08;1.967;;7.667;;301.333;;;;;;;0.507;;8.4;0.094;0.124;;8.533;;;2.767;11.833
1982-10-15;;;;0.05;0.85;;8.5;;269.5;;;;;;;0.64;;7.45;0.066;0.162;;10.2;;;2.3;7.9
1982-11-15;;;;0.2;2.45;;10.0;;337.5;;;;;;;0.74;;8.3;0.109;0.159;;10.6;;;1.5;6.95
1982-12-15;;;;0.195;3.25;;11.5;;296.0;;;;;;;0.96;0.06;8.1;0.081;0.128;;11.1;25.0;;1.6;4.9
1983-01-15;3.7;;;0.305;3.0;;17.5;;310.0;;;;;;;1.0;;8.35;0.098;0.168;;11.7;19.0;;4.4;3.65
1983-02-15;7.9;;;0.16;3.25;;10.0;;286.5;;;;;;;1.35;;8.25;0.061;0.126;;11.25;25.0;;3.6;2.3
1983-03-15;3.8;;;0.127;2.667;;11.667;;281.667;;;;;;;0.783;;7.933;0.065;0.144;;11.433;21.0;;2.567;4.267
1983-04-15;3.95;;;0.05;1.75;;6.0;;264.0;;;;;;;0.64;;8.25;0.046;0.097;;11.2;17.5;;1.95;5.85
1983-05-15;43.3;;;0.035;1.5;;5.0;;235.5;;;;;;;0.595;;8.2;0.054;0.114;;11.3;16.5;;2.1;6.85
1983-06-15;20.15;;;0.075;1.55;;5.0;;205.5;;;;;;;0.5;;7.6;0.046;0.115;;11.65;21.0;;2.35;10.4
1983-07-15;47.75;;;0.11;1.1;;6.5;;226.0;;;;;;;0.545;;7.8;0.069;0.111;;9.5;25.0;;4.45;14.45
1983-08-15;82.5;;;0.117;1.25;;5.667;;157.0;;;;;;;0.78;;7.1;0.092;0.206;;9.133;29.0;;3.333;13.133
1983-09-15;35.0;;;0.145;1.95;;11.0;;279.5;;;;;;;0.615;;7.45;0.077;0.102;;9.1;30.5;;1.95;10.4
1983-10-15;16.75;;;0.115;0.9;;6.5;;243.0;;;;;;;0.52;;7.4;0.098;0.142;;10.15;31.0;;2.45;7.6
1983-11-15;64.85;;;0.295;1.8;;17.5;;376.0;;;;;;;0.69;;7.1;0.142;0.244;;11.6;35.5;;1.6;4.2
1983-12-15;55.35;;;0.285;3.1;;13.0;;300.0;;;;;;;0.835;;7.2;0.138;0.166;;12.0;34.0;;1.5;2.9
1984-01-15;37.133;;;0.287;1.6;;17.667;;336.667;;;;;;;0.943;;7.533;0.088;0.158;;11.667;31.667;;2.1;2.767
1984-02-15;20.75;;;0.335;2.75;;16.5;;337.0;;;;;;;1.115;;8.0;0.12;0.188;;10.75;24.5;;2.35;2.85
1984-03-15;27.1;;;0.225;1.25;;20.0;;365.5;;;;;;;0.8;;7.7;0.099;0.136;;12.2;28.0;;5.3;3.5
1984-04-15;28.6;;;0.1;0.7;;8.667;;223.0;;;;;;;1.11;;7.2;0.046;0.082;;11.533;21.0;;3.25;4.2
1984-05-15;64.1;;;0.09;1.1;;5.5;;196.5;;;;;;;0.505;;7.3;0.052;0.083;;11.4;20.0;;;6.45
1984-06-15;65.1;;;0.045;2.0;;5.0;;182.0;;;;;;;0.54;;7.6;0.07;0.086;;10.7;17.0;;1.55;8.95
1984-07-15;6.55;;;0.065;1.45;;6.5;;205.5;;;;;;;0.635;;7.1;0.066;0.1;;9.85;14.0;;2.25;13.25
1984-08-15;25.35;;;0.165;1.8;;6.5;;283.5;;;;;;;0.835;;7.05;0.09;0.126;;9.95;15.5;;2.2;12.3
1984-09-15;70.5;;;0.05;1.1;;6.5;;231.5;;;;;;;0.755;;7.05;0.051;0.092;;9.25;15.0;;1.35;11.9
1984-10-15;8.067;;;0.08;0.65;;9.0;;276.667;;;;;;;0.51;;7.6;0.089;0.168;;11.067;24.333;;2.133;8.6
1984-11-15;41.15;;;0.29;2.5;;9.0;;319.0;;;;;;;0.79;;7.85;0.143;0.24;;10.3;26.5;;3.9;5.2
1984-12-15;25.4;;;0.14;1.9;;11.0;;278.0;;;;;;;0.47;;7.3;0.117;0.204;;8.6;24.0;;1.7;4.7
1985-01-15;24.5;;;0.585;2.8;;14.0;;364.0;;;;;;;0.84;;7.65;0.162;0.234;;12.5;31.0;;1.55;2.7
1985-02-15;30.85;;;0.5;1.95;;15.5;;338.5;;;;;;;0.745;;7.75;0.098;0.147;;10.65;29.0;;4.1;2.8
1985-03-15;43.95;;;0.35;1.55;;17.5;;332.0;;;;;;;0.735;;7.25;0.092;0.122;;11.1;25.5;;2.35;4.05
1985-04-15;84.5;;;0.195;2.1;;6.5;;203.5;;;;;;;0.65;;7.15;0.021;0.042;;10.45;15.0;;4.1;5.4
1985-05-15;164.5;;;0.08;0.95;;4.0;;181.5;;;;;;;0.5;;7.45;0.018;0.056;;10.5;11.0;;5.5;6.3
1985-06-15;91.0;;;0.095;3.4;;5.0;;202.5;;;;;;;0.355;;7.35;0.036;0.106;;10.65;19.5;;1.75;9.6
1985-07-15;76.633;;;0.123;1.6;;6.0;;224.667;;;;;;;0.693;;7.6;0.067;0.146;;8.9;18.667;;2.8;11.433
1985-08-15;37.75;;;0.055;1.0;;6.0;;202.5;;;;;;;0.665;;7.25;0.03;0.064;;9.65;13.0;;1.35;12.3
1985-09-15;64.2;;;0.06;0.6;;12.5;;252.0;;;;;;;0.755;;7.0;0.066;0.093;;9.75;25.5;;1.05;11.3
1985-10-15;41.05;;;0.135;0.9;;14.0;;292.0;;;;;;;1.095;;6.9;0.098;0.16;;12.1;32.5;;1.75;9.0
1985-11-15;32.25;;;0.655;1.45;;14.5;;341.5;;;;;;;0.845;;7.2;0.165;0.214;;10.25;30.0;;2.95;5.25
1985-12-15;29.35;;;0.22;1.8;;8.0;;289.5;;;;;;;0.68;;7.8;0.078;0.102;;11.2;22.5;;1.9;4.65
1986-01-15;68.867;;;0.177;1.2;;11.667;;246.667;;;;;;;1.053;;7.4;0.078;0.12;;13.167;21.667;;3.733;1.7
1986-02-15;31.45;;;0.675;1.1;;18.5;;326.5;;;;;;;0.865;;7.3;0.144;0.188;;10.65;34.0;;1.8;0.3
1986-03-15;8.3;;;0.32;0.65;;17.5;;323.5;;;;;;;1.05;;7.45;0.11;0.152;;10.9;23.0;;3.8;4.4
1986-04-15;80.5;;;0.095;1.6;;6.5;;184.5;;;;;;;0.885;;7.15;0.03;0.06;;10.8;19.0;;5.55;5.55
1986-05-15;75.35;;;0.065;0.7;;5.0;;161.5;;;;;;;0.51;;7.35;0.02;0.04;;11.8;14.5;;2.6;8.15
1986-06-15;47.9;;;0.115;1.2;;5.5;;226.5;;;;;;;0.56;;7.35;0.042;0.076;;9.55;15.5;;3.4;8.55
1986-07-15;72.667;;;0.08;1.4;;7.333;;214.667;;;;;;;0.58;;7.233;0.061;0.075;;10.5;26.0;;1.167;13.967
1986-08-15;296.75;;;0.085;0.6;;6.5;;200.5;;;;;;;0.785;;7.1;0.049;0.206;;10.5;21.0;;4.65;11.8
1986-09-15;79.7;;;0.21;0.8;;9.5;;264.0;;;;;;;0.915;;7.0;0.086;0.152;;10.25;31.5;;2.3;10.65
1986-10-15;76.25;;;0.25;1.1;;9.0;;236.5;;;;;;;0.895;;7.35;0.098;0.158;;9.65;28.0;;4.9;10.3
1986-11-15;77.6;;;0.19;1.1;;9.5;;261.5;;;;;;;1.2;;7.05;0.075;0.091;;11.55;27.0;;1.25;5.45
1986-12-15;57.25;;;0.25;2.35;;17.0;;320.0;;;;;;;0.745;;7.35;0.154;0.197;;12.25;36.0;;2.15;2.85
1987-01-15;118.367;;;0.327;1.0;;12.667;;276.0;;;;;;;1.033;;7.467;0.081;0.183;;13.4;22.333;;3.333;1.8
1987-02-15;70.15;;;0.395;0.95;;15.0;;283.5;;;;;;;0.99;;7.2;0.056;0.096;;12.55;24.5;;2.55;3.55
1987-03-15;74.55;;;0.345;0.85;;12.0;;254.5;;;;;;;1.135;;7.35;0.045;0.07;;13.1;24.0;;2.25;3.2
1987-04-15;35.65;;;0.105;1.05;;4.0;;226.5;;;;;;;0.805;;7.3;0.024;0.055;;12.6;15.5;2.91;1.95;5.4
1987-05-15;42.25;;;0.095;1.45;;3.5;;233.0;;;;;;;0.65;;7.85;0.027;0.069;;12.05;14.0;2.8;2.55;6.35
1987-06-15;52.2;;;0.08;0.7;;2.5;;166.0;;;;;;;0.55;;7.65;0.024;0.078;;12.15;9.0;;5.15;7.5
1987-07-15;167.467;;;0.057;1.05;;4.333;;179.333;;;;;;;0.72;;7.4;0.023;0.106;;11.0;18.0;;5.9;10.933
1987-08-15;57.3;;;0.075;1.0;;6.5;;210.0;;;;;;;0.635;;7.25;0.026;0.06;;11.1;19.0;;1.75;11.25
1987-09-15;81.8;;;0.07;1.1;;9.0;;227.0;;;;;;;0.81;;7.15;0.04;0.074;;12.65;20.5;;1.8;12.6
1987-10-15;77.0;;;0.145;0.8;;10.0;;265.5;;;;;;;0.995;;7.2;0.04;0.072;;10.95;28.5;;1.685;9.6
1987-11-15;73.15;;;0.12;0.5;;9.5;;274.0;;;;;;;0.8;;7.65;0.045;0.078;;11.05;26.0;;1.55;7.2
1987-12-15;61.333;;;0.29;< BG;;11.667;;321.0;;;;;;;0.873;;7.6;0.07;0.089;;12.467;25.667;;0.667;3.9
1988-01-15;82.0;;;0.44;1.0;;13.0;;275.0;;;;;;;0.6;;7.4;0.065;0.15;;12.0;20.5;;3.0;3.85
1988-02-15;8.0;;;0.26;3.15;;21.0;;409.0;;;;;;;0.9;;7.95;0.115;0.14;;13.25;28.5;;2.75;3.15
1988-03-15;77.5;;;0.48;0.75;;16.0;;256.5;;;;;;;1.05;;7.35;0.05;0.1;;14.55;19.0;;2.8;3.15
1988-04-15;44.3;;;0.075;1.2;;6.5;;228.5;;;;;;;0.85;;7.85;0.025;0.04;;13.5;14.0;;4.4;6.5
1988-05-15;44.0;;;0.115;1.0;;6.5;;226.0;;;;;;;0.65;;8.45;0.02;0.035;;12.75;10.5;;2.15;7.25
1988-06-15;28.567;;;0.093;0.9;;4.333;;230.0;;;;;;;0.567;;8.5;0.03;0.043;;11.367;12.333;;1.533;9.667
1988-07-15;506.35;;;0.07;0.85;;5.5;;201.0;;;;;;;0.65;;7.7;0.05;0.2;;10.25;11.0;;2.85;12.75
1988-08-15;64.15;;;0.09;1.3;;7.5;;311.5;;;;;;;0.75;;8.25;0.04;0.07;;10.3;21.5;;2.65;13.55
1988-09-15;50.0;;;0.11;0.6;;7.0;;251.0;;;;;;;0.8;;8.05;0.035;0.08;;10.8;20.5;;1.5;10.55
1988-10-15;27.7;;;0.18;1.1;;11.0;;291.5;;;;;;;0.8;;8.2;0.07;0.155;;10.8;23.5;;2.05;10.75
1988-11-15;19.667;;;0.14;3.2;;10.0;;281.0;;;;;;;0.767;;8.267;0.057;0.2;;12.0;22.333;;2.9;4.467
1988-12-15;2.35;;;0.16;2.7;;9.0;;303.0;;;;;;;0.8;;8.35;0.03;0.06;;12.45;17.0;;;4.5
1989-01-15;39.5;;;0.42;1.35;;10.5;;367.5;;;;;;;0.85;;8.15;0.032;0.08;;13.45;22.0;;1.65;2.75
1989-02-15;61.5;;;0.37;0.8;;9.0;;287.5;;;;;;;1.05;;8.0;0.048;0.137;;13.15;19.0;;3.15;3.6
1989-03-15;2.5;;;0.28;< BG;;8.0;;326.0;;;;;;;0.35;;8.0;0.028;0.046;;12.35;18.5;;3.0;5.15
1989-04-15;26.0;;;0.07;1.6;;8.0;;308.0;;;;;;;0.65;;8.0;0.014;0.034;;11.35;16.0;;3.7;6.55
1989-05-15;33.5;;;0.1;1.0;;7.5;;309.5;;;;;;;0.65;;8.15;0.011;0.028;;11.65;21.0;;1.35;8.25
1989-06-15;27.667;;;0.14;2.467;;5.333;;266.333;;;;;;;0.7;;8.0;0.022;0.051;;10.733;19.0;;1.9;10.367
1989-07-15;149.5;;;0.095;2.3;;3.0;;275.5;;;;;;;0.55;;8.1;0.032;0.141;;10.4;12.0;;4.8;13.8
1989-08-15;99.0;;;0.075;1.8;;5.0;;281.5;;;;;;;0.65;;7.9;0.017;0.085;;10.3;14.5;;2.0;12.55
1989-09-15;85.5;;;0.075;1.0;;6.5;;300.0;;;;;;;0.7;;8.15;0.014;0.041;;10.8;17.0;;2.1;10.5
1989-10-15;41.0;;;0.09;0.8;;7.5;;337.0;;;;;;;0.8;;8.2;0.022;0.045;;11.6;21.0;;1.1;7.4
1989-11-15;77.667;;;0.227;1.267;;10.333;;368.333;;;;;;;0.767;;8.3;0.012;0.032;;12.533;18.0;;1.533;5.233
1989-12-15;85.0;;;0.49;1.5;;11.5;;390.0;;;;;;;0.8;;8.1;0.024;0.055;;12.4;22.5;;3.2;2.75
1990-01-15;38.5;;;0.49;1.75;;13.0;;416.0;;;;;;;0.95;;7.95;0.028;0.052;;12.55;34.5;;3.2;1.75
1990-02-15;12.0;;;0.255;1.8;;11.0;;368.5;;;;;;;0.85;;8.2;0.037;0.057;;12.55;26.5;3.4;1.7;4.55
1990-03-15;67.0;;;0.315;0.5;;8.0;;339.0;;;;;;;0.8;;8.2;0.016;0.04;;14.25;15.5;3.7;1.35;6.5
1990-04-15;41.5;;;0.265;1.55;;8.0;;327.0;;;;;;;0.7;;8.1;0.012;0.038;;13.45;15.0;3.4;2.7;7.0
1990-05-15;67.667;;;0.143;1.65;;5.0;;268.0;;;;;;;0.667;;8.3;0.013;0.034;;11.9;16.333;3.57;2.333;10.033
1990-06-15;140.0;;;0.085;1.7;;5.0;;315.0;;;;;;;0.7;;8.05;0.026;0.11;;12.65;24.5;3.0;4.4;10.7
1990-07-15;94.0;;;0.06;< BG;;6.5;;320.0;;;;;;;0.8;;8.2;0.009;0.041;;11.7;20.0;3.4;1.6;12.75
1990-08-15;35.5;;;0.145;1.0;;6.0;;339.5;;;;;;;0.75;;8.1;0.024;0.04;;10.65;30.0;3.39;1.5;13.5
1990-09-15;34.5;;;0.145;2.55;;7.0;;283.5;;;;;;;0.8;;8.2;0.021;0.034;;10.75;13.5;3.0;0.7;11.2
1990-10-15;98.667;;;0.117;1.6;;6.0;;309.333;;;;;;;0.7;;7.9;0.029;0.079;;10.8;20.333;3.333;3.633;10.367
1990-11-15;81.0;;;0.16;1.8;;7.0;;321.5;;;;;;;0.65;;8.15;0.022;0.046;;13.2;16.0;3.4;4.5;5.75
1990-12-15;78.0;;;0.52;< BG;;10.0;;394.5;;;;;;;0.9;;8.05;0.041;0.068;;16.4;26.0;3.95;1.6;2.85
1991-01-15;109.0;;;0.085;< BG;;8.5;;365.5;1.7;;;;;;0.85;;8.1;0.015;0.04;;13.7;25.0;3.75;;3.75
1991-02-15;33.5;;;0.63;1.45;;17.5;;419.5;0.8;;;;;;1.0;;7.95;0.044;0.054;;12.45;27.5;3.95;;2.85
1991-03-15;2.5;;;0.24;2.35;;9.5;;330.5;1.3;;;;;;0.85;;8.0;0.02;0.028;;13.4;19.5;3.4;;6.2
1991-04-15;4.5;;;0.24;1.65;;8.5;;321.5;1.25;;;;;;0.75;;8.05;0.02;0.034;;11.8;22.5;3.65;;7.6
1991-05-15;67.667;;;0.133;0.5;;5.0;;277.0;1.867;;;;;;0.733;;7.9;0.01;0.047;;11.967;22.0;2.933;;8.3
1991-06-15;36.5;;;0.15;0.8;;4.5;;266.5;1.85;;;;;;0.6;;8.05;0.016;0.036;;12.3;13.0;2.9;;11.95
1991-07-15;18.0;;;0.14;0.95;;5.0;;299.0;1.65;;;;;;0.75;;7.9;0.021;0.07;;11.55;16.0;2.85;;14.45
1991-08-15;81.0;;;0.205;< BG;;8.0;;344.5;1.5;;;;;;0.9;;7.85;0.011;0.038;;9.5;19.0;3.6;;14.6
1991-09-15;63.5;;;0.24;< BG;;10.5;;384.0;1.45;;;;;;1.55;;7.85;0.01;0.038;;10.75;34.0;3.5;;14.75
1991-10-15;56.0;;;0.207;1.2;;9.0;;343.667;1.433;;;;;;1.033;;7.967;0.019;0.036;;11.2;26.333;3.333;;9.233
1991-11-15;34.0;;;0.215;1.25;;9.0;;368.0;2.1;;;;;;0.85;;7.7;0.012;0.026;;12.0;26.5;3.85;;5.05
1991-12-15;4.0;;;0.755;2.65;;16.0;;410.0;1.5;;;;;;1.05;;7.85;0.02;0.03;;13.55;32.5;3.9;;0.3
1992-01-15;3.0;;;0.545;1.9;;17.0;;403.0;2.0;;;;;;1.05;;7.75;0.034;0.05;;14.45;29.5;3.8;;1.95
1992-02-15;3.0;;;0.435;2.8;;16.0;;369.0;2.7;;;;;;0.95;;7.75;0.034;0.055;;12.0;27.5;3.45;;2.2
1992-03-15;11.0;;;0.22;2.7;;11.0;;344.5;2.9;;;;;;1.15;;7.9;0.018;0.036;;11.65;22.5;3.8;;4.7
1992-04-15;92.0;;;0.12;2.167;;6.667;;282.667;2.5;;;;;;0.867;;8.0;0.013;0.102;;12.133;12.0;3.067;;5.133
1992-05-15;55.0;;;0.14;0.6;;4.0;;226.5;6.1;;;;;;0.6;;7.65;0.008;0.026;;12.7;11.0;2.3;;8.1
1992-06-15;117.5;;;0.065;1.65;;3.5;;238.5;3.25;;;;;;0.55;;7.95;0.019;0.194;;10.45;9.0;2.55;;10.4
1992-07-15;3.0;;;0.07;1.1;;7.5;;300.5;1.1;;;;;;0.8;;8.15;0.014;0.032;;9.85;20.0;3.05;;13.55
1992-08-15;151.0;;;0.09;1.25;;7.0;;313.0;3.3;;;;;;1.05;;8.1;0.032;0.052;;8.2;17.0;3.4;;15.85
1992-09-15;411.0;;;0.163;2.6;;6.667;;300.667;2.9;;;;;;1.1;;7.967;0.027;0.08;;8.9;14.333;3.2;;11.9
1992-10-15;52.5;;;0.11;1.0;;6.5;;340.0;2.15;;;;;;0.8;;8.0;0.019;0.034;;10.55;19.5;3.6;;8.1
1992-11-15;17.5;;;0.065;1.35;;4.5;;283.5;3.55;;;;;;0.8;;8.2;0.026;0.083;;11.05;9.0;3.15;;5.45
1992-12-15;8.5;;;0.14;1.7;;7.0;;360.5;2.2;;;;;;0.9;;7.5;0.017;0.028;;12.15;22.5;3.75;;4.45
1993-01-15;10.0;;;0.42;1.85;;8.0;;366.0;1.8;;;;;;0.95;;8.2;0.014;0.03;;12.9;22.5;3.85;;4.4
1993-02-15;8.5;;;0.35;1.55;;8.0;;375.5;1.9;;;;;;0.95;;7.7;0.013;0.025;;11.6;20.0;3.75;;2.95
1993-03-15;8.5;;;0.29;2.233;;13.667;;375.333;2.667;;;;;;1.167;;8.2;0.014;0.029;;12.2;19.667;3.733;;3.5
1993-04-15;13.0;;;0.195;1.65;;6.0;;284.0;1.35;;;;;;0.75;;8.2;0.01;0.038;;11.15;13.0;2.9;;6.65
1993-05-15;26.0;;;0.12;1.9;;4.5;;248.5;1.5;;;;;;0.6;;8.05;0.012;0.028;;10.45;16.5;2.55;;9.75
1993-06-15;46.0;;;0.07;1.5;;5.0;;267.5;2.85;;;;;;0.65;;8.2;0.02;0.082;;11.55;9.5;2.84;;11.35
1993-07-15;21.0;;;0.04;1.25;;3.5;;291.0;2.25;;;;;;0.65;;8.25;0.012;0.052;;10.3;14.5;3.335;;10.15
1993-08-15;13.0;;;0.063;1.0;;4.667;;332.0;1.733;;;;;;0.8;;8.2;0.014;0.034;;9.633;17.0;3.647;;12.4
1993-09-15;3.0;;;0.105;< BG;;4.0;;331.0;1.8;;;;;;0.7;;8.2;0.019;0.027;;9.9;18.0;3.625;;10.1
1993-10-15;29.0;;;0.13;4.5;;4.0;;335.0;4.7;;;;;;0.75;;8.15;0.04;0.12;;10.9;18.0;3.915;;8.15
1993-11-15;3.0;;;0.135;1.1;;9.5;;365.0;1.7;;;;;;0.85;;8.2;0.01;0.02;;11.55;22.5;4.215;;4.25
1993-12-15;525.5;;;0.24;2.8;;11.0;;296.5;6.35;;;;;;0.95;;8.15;0.03;0.252;;12.4;11.5;4.235;;3.75
1994-01-15;5.5;;;0.22;1.5;;12.667;;374.0;;;;;;;0.867;;8.167;0.032;0.047;;12.467;17.333;4.243;2.533;2.733
1994-02-15;8.0;;;0.61;1.9;;11.0;;400.0;;;;;;;0.9;;8.3;0.016;0.029;;13.6;26.0;4.46;2.4;0.3
1994-03-15;15.0;;;0.173;1.5;;7.333;;311.0;;;;;;;0.767;;8.067;0.019;0.045;;11.7;15.0;3.61;3.1;4.9
1994-04-15;126.0;;;0.105;3.3;;5.0;;249.0;;;;;;;0.7;;8.15;0.044;0.242;;11.65;8.0;3.13;5.6;5.15
1994-05-15;18.5;;;0.065;1.3;;4.5;;235.0;;;;;;;0.55;;8.2;0.007;0.028;;11.6;14.0;2.83;1.55;8.6
1994-06-15;22.0;;;0.1;2.0;;6.0;;273.0;;;;;;;0.45;;8.15;0.025;0.068;;11.45;13.5;3.18;2.15;10.85
1994-07-15;303.0;;;0.09;2.35;;6.0;;259.5;;;;;;;0.3;;8.05;0.034;0.238;;10.5;15.0;3.675;4.6;12.3
1994-08-15;6.5;;;0.18;1.05;;7.5;;333.0;;;;;;;0.8;;8.15;0.02;0.03;;9.05;26.0;3.505;1.15;15.05
1994-09-15;32.0;;;0.093;2.4;;4.667;;329.0;;;;;;;0.7;;8.167;0.026;0.066;;9.967;23.0;3.443;2.633;11.833
1994-10-15;14.5;;;0.065;2.6;;5.5;;355.0;;;;;;;0.8;;8.1;0.022;0.042;;10.6;25.0;3.64;2.75;8.85
1994-11-15;18.5;;;0.14;1.3;;8.5;;359.0;;;;;;;0.75;;8.1;0.019;0.026;;10.8;21.5;3.59;1.45;6.95
1994-12-15;12.6;;;0.14;1.35;;6.0;;366.5;;;;;;;0.9;;8.0;0.032;0.042;;11.65;25.0;3.83;1.6;4.45
1995-01-15;12.5;;;0.405;1.3;;8.0;;386.5;;;;;;;0.85;;8.25;0.03;0.038;;12.35;22.0;4.105;2.0;1.25
1995-02-15;17.5;;;0.275;1.9;;8.5;;338.0;;;;;;;0.65;;8.2;0.03;0.055;;11.8;17.5;3.63;2.95;4.35
1995-03-15;12.0;;;0.267;1.567;;10.667;;363.333;;;;;;;0.8;;8.233;0.013;0.028;;12.9;18.667;3.89;2.733;4.0
1995-04-15;190.5;;;0.14;2.75;;6.0;;260.0;;;;;;;0.7;;8.05;0.028;0.082;;12.25;9.0;3.195;5.6;5.8
1995-05-15;13.0;;;0.055;1.2;;4.5;;257.0;;;;;;;0.55;;8.1;0.006;0.022;;11.05;13.5;2.73;1.05;7.6
1995-06-15;23.5;;;0.04;1.7;;5.5;;253.5;;;;;;;0.45;;8.05;0.013;0.044;;11.15;10.0;2.745;1.7;9.55
1995-07-15;10.0;;;0.08;1.0;;4.5;;277.5;;;;;;;0.5;;8.05;0.011;0.024;;10.1;11.5;2.855;1.85;11.6
1995-08-15;6.667;;;0.073;1.367;;4.333;;305.667;;;;;;;0.667;;8.1;0.022;0.073;;11.4;16.667;3.413;3.167;12.1
1995-09-15;53.5;;;0.13;2.5;;4.0;;277.0;;;;;;;0.55;;8.0;0.03;0.146;;10.65;16.0;3.475;5.45;9.95
1995-10-15;11.0;;;0.11;< BG;;7.0;;363.5;;;;;;;0.8;;8.1;0.015;0.02;;10.75;28.5;4.165;1.0;10.0
1995-11-15;18.0;;;0.145;1.35;;6.0;;366.0;;;;;;;0.7;;8.0;0.016;0.024;;11.55;18.5;3.83;2.8;4.55
1995-12-15;7.0;;;0.555;2.3;;15.5;;399.0;;;;;;;1.0;;8.0;0.032;0.048;;11.3;26.0;3.71;1.9;3.6
1996-01-15;4.5;;;0.51;1.5;;8.0;;372.5;;;;;;;0.85;;8.05;0.024;0.037;;10.9;16.5;3.795;1.45;3.05
1996-02-15;7.333;;;0.747;2.1;;16.0;;411.667;;;;;;;0.833;;8.267;0.023;0.032;;12.933;25.0;3.947;1.933;1.867
1996-03-15;4.0;;;0.58;2.05;;10.5;;356.0;;;;;;;1.0;;8.45;0.016;0.032;;14.35;21.5;3.595;2.55;2.5
1996-04-15;22.0;;;0.195;1.8;;4.0;;272.0;;;;;;;0.9;;8.05;0.008;0.022;;12.4;18.0;2.905;1.5;6.4
1996-05-15;15.0;;;0.26;1.9;;5.0;;256.0;;;;;;;0.65;;7.9;0.017;0.034;;10.45;15.0;2.59;2.0;8.1
1996-06-15;11.0;;;0.105;1.0;;6.0;;303.5;;;;;;;0.75;;8.05;0.012;0.024;;9.85;19.5;3.11;1.85;11.8
1996-07-15;17.333;;;0.097;1.4;;6.0;;301.667;;;;;;;0.767;;8.033;0.016;0.04;;10.667;16.0;3.073;2.8;11.833
1996-08-15;20.5;;;0.055;1.15;;5.0;;287.5;;;;;;;0.6;;8.15;0.012;0.038;;10.6;14.5;4.25;3.6;10.5
1996-09-15;12.0;;;0.135;1.2;;6.5;;325.5;;;;;;;0.75;;8.0;0.012;0.024;;10.7;18.0;3.345;1.8;9.4
1996-10-15;26.0;;;0.16;1.3;;4.5;;335.5;;;;;;;0.8;;8.0;0.012;0.022;;10.85;18.0;3.435;2.2;7.5
1996-11-15;10.0;;;0.11;1.6;;5.0;;346.0;;;;;;;0.7;;8.05;0.014;0.022;;11.7;18.0;3.495;2.6;5.6
1996-12-15;9.0;;;0.08;1.4;;9.0;;374.0;;;;;;;0.9;;8.2;0.013;0.022;;12.4;16.0;3.805;2.55;3.1
1997-01-15;5.0;;;0.503;2.267;;10.333;;397.0;;;;;;;0.9;;8.133;0.012;0.022;;12.667;21.333;3.923;1.8;1.75
1997-02-15;63.0;;;0.7;7.0;;12.0;;320.0;;;;;;;0.85;;7.95;0.05;0.22;;11.5;7.0;3.365;6.05;4.35
1997-03-15;15.0;;;0.43;1.7;;8.0;;333.0;;;;;;;0.7;;8.2;0.024;0.052;;11.85;14.5;3.315;2.4;5.55
1997-04-15;7.0;;;0.3;1.7;;6.5;;338.0;;;;;;;0.8;;8.15;0.01;0.021;;12.3;14.5;3.47;1.9;5.8
1997-05-15;57.0;;;0.165;1.55;;3.0;;225.5;;;;;;;0.35;;8.1;0.016;0.084;;11.45;8.5;2.375;2.9;6.7
1997-06-15;9.0;;;0.185;1.0;;5.5;;273.0;;;;;;;0.8;;8.15;0.01;0.02;;10.15;16.0;2.67;1.1;11.35
1997-07-15;8.333;;;0.127;1.4;;4.667;;310.667;;;;;;;0.667;;8.133;0.015;0.033;;10.233;14.667;3.237;2.067;11.4
1997-08-15;13.0;;;0.17;1.2;;6.0;;340.0;;;;;;;0.7;;8.15;0.016;0.026;;9.35;19.5;3.385;1.35;14.35
1997-09-15;8.5;;;0.3;1.4;;8.0;;358.0;;;;;;;0.8;;8.15;0.018;0.026;;9.35;20.5;3.525;1.3;12.25
1997-10-15;6.0;;;0.215;1.1;;6.5;;335.5;;;;;;;0.75;;8.2;0.017;0.029;;9.6;15.5;3.395;1.95;10.5
1997-11-15;4.0;;;0.16;1.15;;7.0;;366.0;;;;;;;0.95;;8.2;0.014;0.023;;11.45;25.0;3.58;1.1;5.85
1997-12-15;7.5;;;0.207;1.7;;8.0;;357.0;;;;;;;0.7;;8.233;0.016;0.029;;11.767;19.333;3.61;2.7;3.467
1998-01-15;9.5;;;0.33;1.3;;8.0;;378.0;;;;;;;0.9;;8.2;0.021;0.029;;11.85;21.0;3.77;2.05;2.0
1998-02-15;4.0;;;0.255;1.35;;10.5;;382.5;;;;;;;0.9;;8.2;0.02;0.032;;11.9;21.5;3.7;2.6;4.75
1998-03-15;8.0;;;0.225;1.4;;8.5;;368.0;;;;;;;0.8;;8.2;0.013;0.027;;13.05;14.5;3.685;2.35;2.75
1998-04-15;8.0;;;0.22;1.4;;5.5;;318.5;;;;;;;0.65;;8.25;0.012;0.027;;9.85;13.0;3.22;2.55;6.9
1998-05-15;4.0;;;0.165;1.5;;4.5;;285.0;;;;;;;0.65;;8.2;0.012;0.022;;11.3;13.5;2.83;1.15;7.85
1998-06-15;5.0;;;0.055;1.0;;4.0;;273.5;;;;;;;0.55;;8.25;0.009;0.016;;10.65;16.0;2.735;0.9;11.05
1998-07-15;6.0;;;0.08;1.367;;4.333;;294.667;;;;;;;0.633;;8.233;0.021;0.04;;9.933;18.667;2.957;1.8;12.833
1998-08-15;5.0;;;0.047;1.3;;5.333;;325.333;;;;;;;0.667;;8.3;0.01;0.02;;9.533;20.667;3.307;1.4;13.167
1998-09-15;< BG;;;0.05;1.0;;4.0;;308.0;;;;;;;0.6;;8.3;0.008;0.016;;10.3;16.0;3.21;2.7;11.2
1998-10-15;< BG;;;0.06;1.1;;4.0;;325.0;;;;;;;0.55;;8.2;0.008;0.022;;11.45;17.5;3.445;1.55;8.15
1998-11-15;;;;;;;;;;;;;;;;;;;;;;;;;;
1998-12-15;;;;;;;;;;;;;;;;;;;;;;;;;;
1999-01-15;10.0;;;0.425;2.35;;13.0;;360.0;;;;;;;0.9;;8.15;0.022;0.054;;12.5;12.0;3.51;3.0;2.25
1999-02-15;< BG;;;0.28;1.9;;13.0;;381.0;;;;;;;0.9;;8.15;0.012;0.027;;12.8;14.5;3.735;2.0;0.9
1999-03-15;3.5;;;0.16;1.4;;11.0;;347.0;;;;;;;1.0;;8.1;0.026;0.043;;11.95;14.0;3.44;2.5;4.1
1999-04-15;13.5;;;0.125;2.2;;5.0;;265.5;;;;;;;0.65;;8.25;0.01;0.035;;11.3;10.0;2.74;2.35;5.65
1999-05-15;30.0;;;0.06;1.2;;2.5;;224.5;;;;;;;0.5;;8.2;0.006;0.049;;11.2;8.0;2.425;1.4;7.3
1999-06-15;19.25;;;0.078;1.1;;3.75;;263.0;;;;;;;0.475;;8.25;0.012;0.041;;10.525;12.25;2.812;1.675;9.875
1999-07-15;21.5;;;0.11;1.8;;3.5;;283.5;;;;;;;0.55;;8.2;0.012;0.042;;9.95;15.0;2.99;1.7;11.95
1999-08-15;5.5;;;0.08;1.2;;3.5;;303.5;;;;;;;0.55;;8.2;0.012;0.03;;9.75;17.0;3.135;1.5;12.15
1999-09-15;6.0;;;0.1;1.0;;5.5;;332.5;;;;;;;0.65;;8.2;0.012;0.026;;9.35;22.5;3.285;1.45;12.8
1999-10-15;6.0;;;0.07;1.5;;4.5;;343.5;;;;;;;0.65;;8.2;0.014;0.026;;10.95;21.0;3.56;1.7;7.55
1999-11-15;14.0;;;0.08;1.55;;8.5;;378.5;;;;;;;0.8;;8.2;0.017;0.034;;10.95;22.5;3.79;1.65;6.85
1999-12-15;5.0;;;0.123;1.833;;9.0;;370.0;;;;;;;0.833;;8.2;0.016;0.03;;11.9;17.667;3.73;2.267;3.1
2000-01-15;< BG;;8.6;0.375;1.8;;15.0;;403.5;;;;;;4.0;0.9;;8.3;0.01;0.018;;12.95;19.5;3.905;1.8;3.8
2000-02-15;< BG;;4.65;0.215;1.95;;12.0;;370.5;;;;;;3.75;0.85;;8.2;0.02;0.028;;11.85;17.5;3.635;1.85;3.6
2000-03-15;4.0;;5.15;0.21;1.6;;9.5;;356.0;;;;;;4.0;0.9;;8.25;0.015;0.028;;11.45;15.5;3.595;1.8;4.35
2000-04-15;3.0;;3.75;0.13;1.3;;6.5;;322.5;;;;;;3.3;0.75;;8.25;0.008;0.018;;10.9;16.0;3.29;1.55;6.0
2000-05-15;69.0;;2.667;0.08;1.8;;3.667;;212.667;;;;;;2.067;0.467;;8.233;0.008;0.102;;10.9;9.0;2.373;2.167;7.9
2000-06-15;29.0;;3.3;0.075;1.5;;6.0;;287.5;;;;;;2.45;0.55;;8.25;0.012;0.052;;10.25;13.5;2.995;1.45;10.9
2000-07-15;177.5;;2.95;0.065;1.75;;4.0;;253.5;;;;;;2.0;0.45;;8.3;0.012;0.196;;10.2;10.0;3.19;5.25;10.8
2000-08-15;57.0;;5.65;0.125;1.8;;5.0;;301.5;;;;;;2.85;0.65;;8.2;0.029;0.115;;9.85;13.5;3.28;2.7;12.45
2000-09-15;17.0;;0.785;0.015;1.2;;5.0;;324.0;;;;;;2.65;0.6;;8.35;0.016;0.038;;10.3;14.5;3.355;1.8;10.45
2000-10-15;< BG;;1.283;0.03;1.3;;5.667;;342.333;;;;;;2.967;0.667;;8.3;0.012;0.022;;10.767;17.667;3.58;1.5;9.3
2000-11-15;< BG;;1.65;0.055;1.35;;7.0;;373.0;;;;;;2.9;0.65;;8.25;0.014;0.026;;11.0;19.0;3.82;1.75;6.95
2000-12-15;< BG;;4.5;0.16;1.6;;8.5;;380.0;;;;;;3.3;0.75;;8.25;0.014;0.022;;11.45;22.0;3.785;1.15;5.45
2001-01-15;< BG;;9.3;0.34;2.7;;16.5;;407.0;;;;;;4.2;0.95;;8.3;0.013;0.023;;12.4;19.5;3.9;2.2;3.7
2001-02-15;5.0;;5.75;0.195;1.95;;9.5;;364.0;;;;;;4.0;0.9;;8.3;0.026;0.046;;11.9;16.5;3.615;2.65;4.9
2001-03-15;6.5;;2.65;0.115;2.1;;7.5;;329.5;;;;;;3.55;0.8;;8.2;0.018;0.038;;12.4;11.5;3.395;2.55;4.7
2001-04-15;8.0;;2.4;0.085;1.6;;5.5;;323.0;;;;;;3.1;0.7;;8.2;0.014;0.032;;11.05;16.0;3.35;2.1;6.7
2001-05-15;32.667;;1.867;0.043;1.7;;2.333;;228.0;;;;;;1.933;0.433;;8.3;0.007;0.045;;11.033;11.667;2.42;1.1;9.467
2001-06-15;19.5;;1.3;0.035;1.9;;5.0;;293.5;;;;;;2.45;0.55;;8.2;0.01;0.034;;10.35;15.0;3.09;1.4;10.8
2001-07-15;< BG;;1.765;0.04;< BG;;4.0;;316.5;;;;;;2.7;0.6;;8.15;0.016;0.022;;9.8;19.5;3.24;0.85;13.65
2001-08-15;20.0;;2.15;0.045;1.1;;5.0;;324.5;;;;;;2.7;0.6;;8.2;0.014;0.036;;9.55;19.0;3.285;1.15;14.1
2001-09-15;17.0;;1.52;0.04;1.15;;3.5;;292.5;;;;;;2.25;0.5;;8.2;0.013;0.035;;9.7;13.0;3.1;2.55;10.5
2001-10-15;22.0;;0.74;0.02;1.1;;6.0;;347.667;;;;;;2.967;0.667;;8.2;0.01;0.031;;9.833;21.333;3.483;1.133;10.633
2001-11-15;5.0;;1.8;0.08;1.7;;8.5;;361.0;;;;;;2.9;0.65;;8.15;0.014;0.025;;11.25;16.5;3.65;2.2;5.45
2001-12-15;< BG;;4.8;0.2;1.5;;7.5;;365.5;;;;;;3.3;0.75;;8.3;0.014;0.021;;12.3;19.0;3.68;1.65;2.6
2002-01-15;;;;;;;;;;;;;;;;;;;;;;;;;;
2002-02-15;;;;;;;;;;;;;;;;;;;;;;;;;;
2002-03-15;;;;;;;;;;;;;;;;;;;;;;;;;;
2002-04-15;;;;;;;;;;;;;;;;;;;;;;;;;;
2002-05-15;;;;;;;;;;;;;;;;;;;;;;;;;;
2002-06-15;;;;;;;;;;;;;;;;;;;;;;;;;;
2002-07-15;;;;;;;;;;;;;;;;;;;;;;;;;;
2002-08-15;;;;;;;;;;;;;;;;;;;;;;;;;;
2002-09-15;;;;;;;;;;;;;;;;;;;;;;;;;;
2002-10-15;;;;;;;;;;;;;;;;;;;;;;;;;;
2002-11-15;;;;;;;;;;;;;;;;;;;;;;;;;;
2002-12-15;;;;;;;;;;;;;;;;;;;;;;;;;;
2003-01-15;;;;;;;;;;;;;;;;;;;;;;;;;;
2003-02-15;;;;;;;;;;;;;;;;;;;;;;;;;;
2003-03-15;;;;;;;;;;;;;;;;;;;;;;;;;;
2003-04-15;;;;;;;;;;;;;;;;;;;;;;;;;;
2003-05-15;;;;;;;;;;;;;;;;;;;;;;;;;;
2003-06-15;;;;;;;;;;;;;;;;;;;;;;;;;;
2003-07-15;;;;;;;;;;;;;;;;;;;;;;;;;;
2003-08-15;;;;;;;;;;;;;;;;;;;;;;;;;;
2003-09-15;;;;;;;;;;;;;;;;;;;;;;;;;;
2003-10-15;;;;;;;;;;;;;;;;;;;;;;;;;;
2003-11-15;;;;;;;;;;;;;;;;;;;;;;;;;;
2003-12-15;;;;;;;;;;;;;;;;;;;;;;;;;;
2004-01-15;;;;;;;;;;;;;;;;;;;;;;;;;;
2004-02-15;;;;;;;;;;;;;;;;;;;;;;;;;;
2004-03-15;4.0;;5.05;0.25;1.5;;18.0;;377.5;;;;;;4.0;0.9;0.011;8.15;0.008;0.022;;12.35;17.0;3.435;2.2;3.4
2004-04-15;;;;;;;;;;;;;;;;;;;;;;;;;;
2004-05-15;< BG;;0.71;0.03;1.3;;6.0;;302.0;;;;;;3.1;0.69;0.005;8.1;0.01;0.022;;11.8;15.0;3.21;1.7;7.8
2004-06-15;532.0;;0.8;0.02;2.6;;4.0;;219.0;;;;;;2.7;0.61;0.005;8.3;0.009;0.28;;12.0;5.0;;15.0;8.8
2004-07-15;;;;;;;;;;;;;;;;;;;;;;;;;;
2004-08-15;;;;;;;;;;;;;;;;;;;;;;;;;;
2004-09-15;;;;;;;;;;;;;;;;;;;;;;;;;;
2004-10-15;;;;;;;;;;;;;;;;;;;;;;;;;;
2004-11-15;;;;;;;;;;;;;;;;;;;;;;;;;;
2004-12-15;2.0;;0.83;0.04;2.2;;22.0;;412.0;;;;;;3.9;0.89;0.006;8.3;0.01;0.021;;12.7;25.0;3.68;1.4;0.4
2005-01-15;2.0;;8.8;0.37;1.3;;11.0;;396.0;;;;;;3.7;0.83;0.009;8.3;0.007;0.016;;12.7;25.0;3.99;1.4;2.1
2005-02-15;;;;;;;;;;;;;;;;;;;;;;;;;;
2005-03-15;< BG;;14.0;0.64;2.4;;19.0;;422.0;;;;;;4.1;0.92;0.01;8.3;0.009;0.019;;13.6;22.0;4.14;1.8;1.0
2005-04-15;;;;;;;;;;;;;;;;;;;;;;;;;;
2005-05-15;12.0;;1.7;0.06;1.4;;7.0;;311.0;;;;;;3.1;0.69;< BG;8.2;0.006;0.012;;11.5;17.0;3.29;2.6;7.5
2005-06-15;;;;;;;;;;;;;;;;;;;;;;;;;;
2005-07-15;;;;;;;;;;;;;;;;;;;;;;;;;;
2005-08-15;3912.0;;2.033;0.043;;;4.0;;231.667;;;;;;2.133;0.477;0.005;8.2;0.007;0.099;;10.767;;;59.567;13.8
2005-09-15;;;;;;;;;;;;;;;;;;;;;;;;;;
2005-10-15;;;;;;;;;;;;;;;;;;;;;;;;;;
2005-11-15;< BG;;1.8;0.07;1.8;;16.0;;412.0;;;;;;4.0;0.91;0.012;8.3;< BG;0.009;;12.8;27.0;3.92;1.0;3.0
2005-12-15;5.0;;2.0;0.08;2.0;;23.0;;446.0;;;;;;4.8;1.085;0.012;8.25;0.008;0.022;;11.95;18.0;4.03;2.75;3.4
2006-01-15;4.5;;10.45;0.435;2.3;;21.0;;440.0;;;;;;4.2;0.95;0.01;8.3;0.008;0.023;;13.3;16.0;3.897;1.9;3.1
2006-02-15;4.0;;12.0;0.55;2.2;;23.0;;436.5;;;;;;3.95;0.895;0.008;8.3;0.014;0.033;;13.1;25.0;3.915;1.55;1.25
2006-03-15;81.8;;7.033;0.33;1.967;;20.333;;377.333;;;;;;4.7;1.057;0.006;8.233;0.019;0.078;;12.3;16.667;3.473;3.833;2.5
2006-04-15;33.1;;3.0;0.13;1.45;;10.0;;301.0;;;;;;3.3;0.75;0.007;8.2;0.01;0.036;;12.0;14.0;2.92;1.95;5.4
2006-05-15;29.0;;2.75;0.075;1.5;;6.0;;254.5;;;;;;2.2;0.505;< BG;8.25;< BG;0.026;;10.8;12.0;2.6;1.1;9.2
2006-06-15;8.3;;2.7;0.065;1.3;;7.0;;293.0;;;;;;2.55;0.575;< BG;8.25;0.007;0.024;;9.85;21.0;2.94;1.15;12.0
2006-07-15;4.2;;1.15;0.02;< BG;;13.0;;344.0;;;;;;2.9;0.655;0.008;8.2;0.006;0.017;;9.7;23.5;3.19;1.15;16.8
2006-08-15;111.133;;3.027;0.07;1.85;;7.333;;300.0;;;;;;2.833;0.64;0.027;8.167;0.014;0.074;;9.767;15.717;3.053;2.433;12.967
2006-09-15;2.9;;0.93;0.02;< BG;;7.5;;323.0;;;;;;2.85;0.65;< BG;8.2;0.005;0.016;;9.6;18.0;3.48;1.5;13.5
2006-10-15;18.0;;0.885;0.02;1.0;;8.05;;356.0;;;;;;2.8;0.625;0.005;8.25;0.017;0.029;;9.65;22.0;3.515;1.65;10.55
2006-11-15;5.9;;1.03;0.035;1.3;;8.0;;357.5;;;;;;3.05;0.68;0.006;8.25;< BG;0.012;;10.55;23.5;3.57;1.95;6.5
2006-12-15;2.2;;0.99;0.075;1.5;;9.5;;374.0;;;;;;3.25;0.725;0.007;8.3;0.006;0.012;;11.5;24.0;3.685;1.8;4.25
2007-01-15;16.167;;3.8;0.173;2.0;;9.667;;340.333;;;;;;3.833;0.863;0.007;8.233;0.012;0.026;;12.033;20.0;;2.133;3.5
2007-02-15;11.8;;4.6;0.163;2.3;;11.0;;339.667;;;;;;3.767;0.853;0.007;8.233;0.012;0.065;;11.9;;;3.0;5.8
2007-03-15;6.533;;;0.17;1.7;;10.333;;349.333;;;;;;3.5;0.787;0.007;;< BG;0.026;;12.0;;;2.6;6.5
2007-04-15;3.6;;5.5;0.135;1.15;;7.5;;311.0;;;;;;2.55;0.57;0.01;8.25;< BG;0.006;;10.2;;;1.55;9.85
2007-05-15;101.3;;5.35;0.135;2.4;;6.15;;272.5;;;;;;2.5;0.565;0.012;8.2;0.063;0.1;;10.05;;;5.95;10.65
2007-06-15;33.1;;0.76;0.015;< BG;;4.5;;292.0;;;;;;2.35;0.525;< BG;8.25;0.006;0.047;;9.95;;;1.8;14.25
2007-07-15;11.35;;2.07;0.04;1.6;;5.825;;319.0;;;;;;2.4;0.545;0.008;8.25;0.014;0.04;;9.975;;;2.075;13.575
2007-08-15;3.1;;1.1;0.02;< BG;;8.15;;352.0;;;;;;2.45;0.56;< BG;8.25;0.012;0.011;;9.6;;;1.2;14.9
2007-09-15;7.7;;2.225;0.055;1.2;;5.6;;340.0;;;;;;2.55;0.575;0.007;8.2;0.008;0.018;;9.8;18.0;;1.45;12.15
2007-10-15;< BG;;0.545;0.02;1.2;;8.0;;374.0;;;;;;2.75;0.625;0.007;8.2;< BG;0.011;;10.25;;;1.35;6.6
2007-11-15;3.9;;1.195;0.055;1.5;;10.5;;394.0;;;;;;3.05;0.69;0.008;8.2;0.006;0.011;;11.4;25.0;;1.65;5.2
2007-12-15;6.2;;0.69;0.025;1.5;;8.5;;368.0;;;;;;2.95;0.665;0.006;8.25;0.012;0.028;;12.25;;;1.95;3.15
2008-01-15;< BG;;6.5;0.347;1.8;;15.0;;404.333;;;;;;3.233;0.727;0.011;8.167;0.007;0.015;;11.333;;;1.7;3.333
2008-02-15;5.4;;10.4;0.39;< BG;;11.0;;373.0;;;;;;3.15;0.71;0.01;8.2;0.014;0.018;;11.85;;;1.75;5.95
2008-03-15;< BG;;8.0;0.4;1.35;;16.0;;393.5;;;;;;3.25;0.735;0.008;8.15;0.03;0.042;;11.2;;;2.3;4.25
2008-04-15;17.6;;3.35;0.09;3.0;;7.0;;309.5;;;;;;2.9;0.655;0.006;8.3;0.009;0.036;;12.1;;;2.35;6.6
2008-05-15;17.5;;1.6;0.05;1.3;;3.4;;235.5;;;;;;1.85;0.415;< BG;8.2;< BG;0.022;;10.75;;;1.15;8.9
2008-06-15;8.133;;3.25;0.087;1.367;;6.333;;279.667;;;;;;2.167;0.49;0.01;8.25;0.007;0.018;;9.733;;;1.0;12.633
2008-07-15;32.0;;1.5;0.03;1.1;;6.0;;312.0;;;;;;2.5;0.555;< BG;8.25;0.008;0.042;;9.85;;;1.6;13.1
2008-08-15;4.3;;;< BG;< BG;;6.0;;317.5;;;;;;2.2;0.5;< BG;8.3;< BG;0.014;;9.8;;;1.15;13.85
2008-09-15;< BG;;1.025;0.02;< BG;;8.5;;356.0;;;;;;3.0;0.675;0.008;8.25;< BG;0.009;;9.65;;;1.2;11.5
2008-10-15;43.0;;1.865;0.05;1.75;;6.5;;323.5;;;;;;2.55;0.57;0.011;8.25;< BG;0.029;;10.1;;;2.35;10.05
2008-11-15;2.0;;2.0;0.06;1.35;;7.55;;363.0;;;;;;2.6;0.595;0.009;8.25;0.007;0.012;;10.6;;;2.05;7.15
2008-12-15;< BG;;3.4;0.145;1.3;;15.0;;405.0;;;;;;3.1;0.695;0.008;8.25;< BG;0.014;;11.2;;;1.7;3.45
2009-01-15;< BG;;9.333;0.42;2.25;;15.0;;413.0;;;;;;3.133;0.703;0.009;8.3;0.01;0.018;;12.367;;;1.767;1.5
2009-02-15;9.9;;16.333;0.623;2.1;;29.333;;452.667;;;;;;3.567;0.803;0.012;8.267;0.011;0.03;;11.833;;;2.033;4.2
2009-03-15;10.65;;12.0;0.52;2.0;;32.5;;432.0;;;;;;4.4;1.0;0.01;8.2;0.016;0.05;;11.8;;;3.4;4.4
2009-04-15;18.0;;3.0;0.08;1.3;;5.5;;273.5;;;;;;2.7;0.6;< BG;8.3;< BG;0.027;;11.5;;;1.75;7.75
2009-05-15;9.0;;4.4;0.1;1.45;;5.5;;273.5;;;;;;2.2;0.505;0.007;8.35;< BG;0.016;;11.05;;;1.35;8.55
2009-06-15;6.6;;2.3;0.047;1.0;;6.867;;310.667;;;;;;2.433;0.543;0.01;8.267;0.007;0.013;;9.767;;;1.5;13.733
2009-07-15;14.0;;2.15;0.03;1.8;;10.4;;321.5;;;;;;2.6;0.58;0.009;8.35;0.014;0.044;;9.65;;;2.1;14.85
2009-08-15;8.3;;1.5;0.02;< BG;;7.0;;339.0;;;;;;2.75;0.615;0.005;8.35;0.012;0.019;;9.2;;;1.45;15.9
2009-09-15;9.5;;1.9;0.03;1.2;;6.0;;326.0;;;;;;2.2;0.5;< BG;8.4;0.009;0.027;;10.2;;;2.3;11.7
2009-10-15;< BG;;1.175;0.025;1.0;;9.0;;367.0;;;;;;2.7;0.605;0.007;8.3;0.012;0.023;;10.3;;;2.3;9.7
2009-11-15;39.0;;2.025;0.05;3.25;;6.0;;302.0;;;;;;2.55;0.575;0.011;8.3;0.024;0.084;;10.6;;;4.4;8.45
2009-12-15;4.5;;2.5;0.065;1.75;;11.0;;376.0;;;;;;3.2;0.72;0.007;8.4;0.018;0.028;;11.0;;;2.2;4.9
2010-01-15;2.1;;4.85;0.26;1.8;;15.5;;408.5;;;;;;3.5;0.8;0.01;8.2;0.006;0.011;0.008;11.9;;;1.7;1.95
2010-02-15;< BG;;7.4;0.35;1.5;;33.5;;475.0;;;;;;3.85;0.875;0.012;8.2;< BG;0.012;0.008;11.75;;;2.15;3.1
2010-03-15;10.1;;5.9;0.23;2.25;;14.0;;366.5;;;;;;3.7;0.83;0.006;8.3;0.008;0.026;0.01;12.15;;;2.15;4.55
2010-04-15;3.6;;5.75;0.165;1.5;;10.0;;329.5;;;;;;2.95;0.665;0.009;8.25;0.008;0.014;0.008;10.85;;;1.3;8.3
2010-05-15;5.9;;0.655;0.02;1.2;;6.5;;302.0;;;;;;2.7;0.605;0.006;8.2;< BG;0.015;0.007;10.7;;;1.45;9.05
2010-06-15;23.3;;0.777;0.017;1.6;;7.667;;317.0;;;;;;2.667;0.603;< BG;8.267;0.011;0.036;0.012;10.4;;;1.767;12.433
2010-07-15;12.05;;3.2;0.04;1.3;;7.0;;330.5;;;;;;2.5;0.565;0.008;8.3;0.014;0.028;0.012;9.3;;;1.75;12.4
2010-08-15;3.5;;1.135;0.02;< BG;;7.7;;348.5;;;;;;2.45;0.56;0.005;8.25;0.007;0.014;0.01;9.6;;;1.7;14.8
2010-09-15;2.3;;0.995;0.02;< BG;;9.7;;363.0;;;;;;3.2;0.73;0.006;8.3;0.013;0.016;0.012;10.4;;;1.2;12.5
2010-10-15;16.0;;2.35;0.06;1.9;;8.5;;359.0;;;;;;3.75;0.845;0.01;8.25;0.045;0.062;0.049;10.2;;;4.65;9.55
2010-11-15;17.0;;0.405;0.015;1.1;;6.5;;357.5;;;;;;2.7;0.615;< BG;8.2;0.007;0.021;0.008;10.5;;;2.05;6.9
2010-12-15;< BG;;0.92;0.04;1.7;;14.0;;409.0;;;;;;3.15;0.715;0.006;8.3;0.008;0.017;0.011;12.05;;;2.8;2.1
2011-01-15;< BG;;2.9;0.135;1.25;;16.0;;403.5;;;;;;3.4;0.77;0.007;8.2;0.012;0.019;;11.65;;;2.5;3.7
2011-02-15;2.1;;3.9;0.14;1.35;;15.0;;410.5;;;;;;3.8;0.85;0.01;8.3;0.006;0.011;;11.9;;;1.9;3.9
2011-03-15;< BG;;2.0;0.065;1.4;;13.0;;397.5;;;;;;3.5;0.79;0.01;8.3;0.005;0.012;;11.7;;;1.85;5.2
2011-04-15;2.8;;1.4;0.04;< BG;;7.5;;325.5;;;;;;2.65;0.595;0.005;8.25;< BG;0.008;;10.2;;;1.2;9.9
2011-05-15;6.5;;1.177;0.023;1.1;;8.1;;322.0;;;;;;2.333;0.527;< BG;8.3;< BG;0.016;;9.833;;;1.667;11.467
2011-06-15;3.0;;1.25;0.02;1.0;;9.5;;348.0;;;;;;2.5;0.565;< BG;8.3;0.008;0.014;;9.6;;;1.4;14.35
2011-07-15;2.8;;1.395;0.025;< BG;;7.0;;349.0;;;;;;2.3;0.515;< BG;8.2;0.008;0.02;;8.9;;;2.05;15.7
2011-08-15;24.0;;1.06;0.02;1.0;;6.0;;339.0;;;;;;2.15;0.475;0.009;8.25;0.009;0.028;;9.5;;;1.8;14.55
2011-09-15;3.65;;0.73;0.015;< BG;;6.0;;338.5;;;;;;2.25;0.505;0.008;8.3;0.01;0.023;;9.6;;;2.95;11.95
2011-10-15;2.0;;0.69;0.015;< BG;;7.2;;366.5;;;;;;2.35;0.535;< BG;8.3;< BG;0.009;;9.6;;;1.6;11.05
2011-11-15;< BG;;0.555;0.015;1.6;;8.467;;377.667;;;;;;2.433;0.55;< BG;8.333;< BG;0.007;;10.833;;;2.0;6.5
2011-12-15;5.3;;1.95;0.08;2.15;;9.5;;364.0;;;;;;3.35;0.755;0.008;8.25;0.022;0.04;;11.5;;;3.2;3.55
2012-01-15;4.0;;2.3;0.1;1.5;;14.5;;364.0;;;;;;3.2;0.725;0.007;8.2;0.016;0.032;0.02;11.65;;;3.15;4.35
2012-02-15;< BG;;9.35;0.44;1.8;;17.0;;427.0;;;;;;3.55;0.805;0.01;8.25;0.011;0.015;0.012;12.6;;;1.5;2.05
2012-03-15;2.65;;4.0;0.14;1.4;;10.0;;346.0;;;;;;2.9;0.645;0.005;8.25;< BG;0.013;0.008;11.65;;;1.95;5.55
2012-04-15;6.9;;4.95;0.16;1.35;;6.5;;309.0;;;;;;2.35;0.53;0.008;8.25;< BG;0.01;0.006;10.7;;;1.7;6.95
2012-05-15;20.733;;1.233;0.033;1.2;;3.667;;242.667;;;;;;1.933;0.43;< BG;8.233;< BG;0.023;0.006;10.667;;;1.433;9.4
2012-06-15;13.75;;0.45;0.01;1.1;;4.5;;281.5;;;;;;1.85;0.415;< BG;8.25;0.006;0.02;0.007;10.35;;;1.75;11.45
2012-07-15;5.15;;0.63;0.01;< BG;;5.75;;314.5;;;;;;1.95;0.445;< BG;8.3;0.009;0.016;0.009;9.1;;;1.7;14.9
2012-08-15;5.35;;1.45;0.02;< BG;;7.3;;335.5;;;;;;2.05;0.455;0.006;8.3;< BG;0.016;0.007;8.65;;;1.7;17.05
2012-09-15;2.2;;0.65;0.015;< BG;;6.35;;348.5;;;;;;2.4;0.53;< BG;8.2;0.007;0.012;0.01;9.8;;;1.4;12.7
2012-10-15;3.25;;0.705;0.02;1.3;;7.733;;367.333;;;;;;2.533;0.563;< BG;8.233;0.01;0.016;0.011;10.233;;;1.767;8.6
2012-11-15;5.7;;0.7;0.025;1.3;;7.0;;368.5;;;;;;2.55;0.585;< BG;8.2;< BG;0.012;0.006;11.05;;;1.5;6.9
2012-12-15;4.6;;0.55;0.03;1.6;;17.0;;403.5;;;;;;3.3;0.74;0.006;8.15;0.013;0.026;0.017;12.0;;;2.6;3.1
2013-01-15;< BG;;2.85;0.14;1.3;;11.5;;382.5;;;;;;3.2;0.72;0.007;8.2;0.008;0.016;0.011;11.6;;3.8;1.8;3.65
2013-02-15;2.5;;5.65;0.21;1.5;;22.5;;411.5;;;;;;3.45;0.785;0.011;8.3;0.011;0.018;0.011;11.6;;3.715;1.95;3.5
2013-03-15;< BG;;6.35;0.265;1.8;;23.5;;422.5;;;;;;3.4;0.77;0.01;8.25;< BG;0.012;0.007;11.4;;3.85;1.85;3.75
2013-04-15;32.0;;2.633;0.09;1.7;;8.167;;298.0;;;;;;2.567;0.573;0.009;8.267;0.006;0.024;0.009;11.333;;3.023;1.9;6.1
2013-05-15;8.45;;0.415;0.01;1.0;;5.5;;289.0;;;;;;2.25;0.505;< BG;8.3;0.007;0.019;0.01;10.1;;2.96;2.05;9.15
2013-06-15;38.5;;1.15;0.025;1.25;;5.0;;283.0;;;;;;2.25;0.51;< BG;8.3;0.014;0.064;0.02;10.75;;3.02;3.15;10.35
2013-07-15;4.8;;;< BG;< BG;;8.5;;332.0;;;;;;2.95;0.665;< BG;8.3;< BG;0.012;0.006;9.4;;3.24;1.15;16.05
2013-08-15;14.0;;1.563;0.027;< BG;;6.333;;311.0;;;;;;2.533;0.57;0.008;8.267;0.006;0.026;0.007;9.6;;3.11;1.833;14.8
2013-09-15;8.6;;0.64;0.015;< BG;;5.8;;315.5;;;;;;2.35;0.535;< BG;8.25;0.012;0.023;0.014;9.85;;3.27;2.5;11.9
2013-10-15;62.0;;0.917;0.027;< BG;;5.667;;309.667;;;;;;2.7;0.603;0.006;8.233;0.012;0.036;0.014;10.2;;3.455;3.433;9.267
2013-11-15;< BG;;0.64;0.025;< BG;;9.0;;362.5;;;;;;2.75;0.62;0.005;8.25;0.008;0.015;0.012;11.35;;;2.05;4.7
2013-12-15;2.1;;0.63;0.025;1.3;;11.5;;397.5;;;;;;3.35;0.76;0.005;8.3;0.007;0.01;0.008;11.55;;3.9;1.35;2.95
2014-01-15;< BG;;4.1;0.21;;;28.0;;450.0;;;;;;3.4;0.76;0.012;8.2;< BG;0.015;;11.6;17.0;3.95;2.4;2.5
2014-02-15;< BG;;6.2;0.25;1.5;;14.0;< BG;399.0;1.5;1.1;;0.004;8.0;3.4;0.76;0.01;8.2;< BG;0.011;;12.3;20.0;3.88;1.6;5.5
2014-03-15;4.0;;3.8;0.14;;;15.0;0.012;342.0;1.9;1.0;;0.006;9.6;2.9;0.65;0.009;8.3;0.005;0.024;;11.3;16.0;3.17;2.5;3.7
2014-04-15;< BG;;0.7;0.01;1.3;;5.5;< BG;297.0;1.0;0.7;;0.004;3.7;2.2;0.5;< BG;8.5;< BG;0.008;;11.0;17.0;2.96;1.1;10.4
2014-05-15;12.0;;0.69;0.02;1.3;;5.2;< BG;292.0;2.7;0.7;;0.005;3.5;2.2;0.49;< BG;8.3;0.007;0.031;;11.3;9.7;3.14;3.3;6.8
2014-06-15;< BG;;1.2;0.02;< BG;;6.8;< BG;314.0;0.8;0.8;;0.005;4.4;2.1;0.47;< BG;8.2;< BG;0.01;;8.5;19.0;3.08;0.8;17.1
2014-07-15;60.0;;3.2;0.07;2.7;;6.7;0.021;285.0;4.4;1.4;;0.005;5.6;2.4;0.55;0.011;8.2;0.044;0.15;;9.6;12.0;2.95;7.3;13.5
2014-08-15;< BG;;0.46;0.01;< BG;;5.0;0.009;336.0;1.7;0.9;;0.003;3.7;2.1;0.47;< BG;8.2;0.008;0.017;;9.3;14.0;3.51;2.0;13.7
2014-09-15;15.0;;1.1;0.02;1.9;;5.6;0.012;322.0;2.3;1.3;;0.006;4.4;2.3;0.51;0.005;8.3;0.015;0.062;;9.4;15.0;3.38;3.5;12.8
2014-10-15;< BG;;0.5;0.01;< BG;;7.8;0.005;371.0;1.2;1.0;;0.003;5.5;1.8;0.41;< BG;8.3;< BG;0.006;;9.5;21.0;3.72;1.2;11.8
2014-11-15;< BG;;0.38;0.01;< BG;;4.4;0.006;323.0;1.2;0.8;;0.004;3.4;1.9;0.42;< BG;8.3;< BG;0.008;;10.3;15.0;3.38;1.2;7.9
2014-12-15;< BG;;0.49;0.02;1.8;;8.4;< BG;384.0;0.9;0.9;;0.005;6.0;2.7;0.62;< BG;8.2;< BG;0.01;;10.7;22.0;3.84;1.1;5.3
2015-01-15;4.0;;3.2;0.12;< BG;;12.0;0.019;363.0;2.2;1.1;;0.006;7.6;2.6;0.59;0.006;8.3;0.011;0.023;0.013;12.3;13.0;3.62;2.3;3.7
2015-02-15;< BG;;17.0;0.51;1.4;69.0;22.0;< BG;446.0;1.3;1.3;13.0;0.007;14.0;3.5;0.79;0.016;8.4;0.005;0.014;0.009;11.6;21.0;4.07;1.4;3.6
2015-03-15;3.5;;6.7;0.22;< BG;61.0;11.0;0.015;366.0;2.1;1.0;12.0;0.005;6.7;2.7;0.61;0.009;8.3;< BG;0.017;0.006;11.0;13.0;3.67;2.1;5.3
2015-04-15;4.3;;3.7;0.11;1.4;62.0;12.0;0.009;371.0;1.6;1.0;12.0;0.006;7.1;2.7;0.62;0.007;8.3;0.008;0.016;0.009;11.6;15.0;3.78;1.6;6.6
2015-05-15;29.0;;0.83;0.02;< BG;43.0;3.8;< BG;244.0;1.1;0.5;8.3;0.003;2.5;1.9;0.42;< BG;8.3;< BG;0.039;0.006;10.5;7.8;2.62;1.5;9.3
2015-06-15;< BG;;1.3;0.02;< BG;51.0;6.0;< BG;307.0;1.1;0.6;11.0;0.004;4.0;1.8;0.4;< BG;8.4;< BG;0.007;0.006;10.5;14.0;3.15;1.1;12.4
2015-07-15;5.6;;1.0;0.02;< BG;53.5;6.7;< BG;322.5;1.0;0.9;10.85;0.004;4.75;2.75;0.62;0.005;8.3;< BG;0.016;0.008;9.05;18.0;3.23;1.15;15.8
2015-08-15;3.8;;0.61;< BG;< BG;56.0;6.3;< BG;339.0;0.8;1.0;12.0;0.004;4.8;2.0;0.46;< BG;8.3;< BG;0.012;0.006;9.3;19.0;3.43;0.9;14.4
2015-09-15;< BG;;0.93;0.02;< BG;57.0;6.9;0.005;347.0;1.0;1.1;12.0;0.004;5.4;2.2;0.5;0.007;8.3;0.005;0.013;0.007;9.5;20.0;3.44;1.1;10.8
2015-10-15;6.9;;0.36;< BG;< BG;59.0;5.6;0.011;347.0;1.9;1.0;12.0;0.007;4.5;2.0;0.45;< BG;8.3;0.005;0.024;0.008;10.4;15.0;3.66;2.0;7.5
2015-11-15;< BG;;0.42;< BG;< BG;60.0;10.0;< BG;372.0;1.5;1.2;13.0;0.003;7.2;1.9;0.43;< BG;8.3;< BG;0.009;< BG;10.4;21.0;3.6;1.7;9.4
2015-12-15;5.3;;1.2;0.04;1.4;63.0;11.0;< BG;385.0;0.8;1.0;13.0;0.005;7.8;3.1;0.69;0.009;8.3;< BG;0.01;0.006;11.6;22.0;3.76;1.0;4.7
2016-01-15;4.6;;1.3;0.05;< BG;58.0;15.0;0.023;369.0;2.6;1.1;11.0;0.008;10.0;3.1;0.69;0.006;8.3;0.011;0.023;0.013;12.0;11.0;3.54;3.0;3.6
2016-02-15;990.0;;2.375;0.085;4.1;49.0;9.15;0.018;286.5;2.35;0.9;8.75;0.004;5.85;2.55;0.57;0.008;8.2;0.011;0.231;0.012;11.45;10.1;2.955;11.3;4.75
2016-03-15;< BG;;4.4;0.13;1.5;57.0;9.0;0.011;341.0;2.3;1.0;11.0;0.004;6.2;2.7;0.6;0.011;8.3;< BG;0.013;< BG;10.3;13.0;3.48;2.3;6.7
2016-04-15;4.6;;1.7;0.07;1.1;54.0;8.5;0.016;327.0;2.2;0.8;10.0;0.005;5.7;2.2;0.49;0.008;8.2;0.01;0.024;0.011;10.9;12.0;3.32;2.7;5.4
2016-05-15;;;;;;;;;;;;;;;;;;;;;;;;;;
2016-06-15;18.5;;0.91;0.025;1.1;46.5;3.9;0.012;269.0;1.7;0.65;9.4;0.004;3.15;1.7;0.39;< BG;8.2;0.007;0.032;0.01;10.5;9.95;2.965;2.15;10.6
2016-07-15;75.0;;0.96;0.02;< BG;48.0;3.4;0.014;273.0;2.8;0.652;8.5;0.005;2.83;1.6;0.37;< BG;8.2;0.006;0.055;0.008;9.3;9.4;2.96;5.3;14.1
2016-08-15;< BG;;0.89;0.02;< BG;59.0;6.4;0.01;342.0;1.6;0.912;12.0;0.003;5.0;2.0;0.45;< BG;8.2;0.005;0.014;0.008;9.3;17.0;3.67;1.8;13.1
2016-09-15;74.0;;1.0;0.02;1.3;53.0;3.5;0.031;297.0;3.8;0.974;10.0;0.006;3.32;1.9;0.42;< BG;8.3;0.016;0.082;0.023;10.5;12.0;3.29;5.5;11.8
2016-10-15;< BG;;0.53;< BG;< BG;61.0;7.3;< BG;365.0;0.9;1.11;13.0;0.005;6.14;2.2;0.5;< BG;8.4;< BG;0.006;< BG;10.8;23.0;3.75;0.8;9.6
2016-11-15;< BG;;0.5;0.02;1.4;65.0;7.6;0.017;381.0;2.2;1.06;13.0;0.007;6.21;2.2;0.49;< BG;8.2;0.007;0.018;0.011;10.8;14.0;4.1;2.5;5.5
2016-12-15;< BG;;0.42;0.02;1.2;65.0;8.1;< BG;385.0;0.9;1.04;13.0;0.006;6.38;2.6;0.59;< BG;8.2;< BG;0.007;0.006;11.9;24.0;3.87;0.9;3.5
2017-01-15;< BG;;2.2;0.08;< BG;66.0;17.0;< BG;420.0;0.9;1.51;14.0;0.006;12.0;4.3;0.97;0.008;8.4;< BG;0.01;0.006;12.3;27.0;3.93;1.0;1.4
2017-02-15;63.0;;3.15;0.155;2.2;56.0;21.5;0.019;359.5;2.65;1.25;10.15;0.008;12.6;3.65;0.82;0.008;8.15;0.018;0.058;0.023;11.65;12.25;3.295;3.65;3.3
2017-03-15;4.9;;4.2;0.14;< BG;63.0;19.0;0.019;393.0;2.2;1.2;12.0;0.012;12.1;2.9;0.67;0.006;8.3;0.009;0.029;0.012;11.6;13.0;3.82;2.6;5.1
2017-04-15;3.8;;2.8;0.1;1.1;49.0;5.5;< BG;286.0;1.0;0.702;10.0;0.004;4.2;2.3;0.52;0.008;8.2;< BG;0.012;< BG;10.6;12.0;2.98;1.1;7.2
2017-05-15;4.85;;;< BG;1.6;49.0;5.1;0.012;286.5;1.7;0.657;9.75;0.004;3.62;2.0;0.445;< BG;8.25;< BG;0.011;0.008;9.95;13.0;3.005;1.9;10.7
2017-06-15;4.4;;;< BG;< BG;50.0;5.3;< BG;299.0;1.0;0.711;10.0;0.007;4.21;1.8;0.4;< BG;8.3;< BG;0.014;< BG;8.4;18.0;3.04;1.1;16.7
2017-07-15;7.8;;;< BG;< BG;55.0;5.2;< BG;323.0;1.3;0.802;11.0;0.004;4.2;2.0;0.45;< BG;8.3;0.01;0.021;0.01;8.8;13.0;3.43;1.6;14.4
2017-08-15;< BG;;;< BG;< BG;60.0;6.5;< BG;353.0;1.2;0.914;12.0;0.004;5.23;2.0;0.45;< BG;8.2;< BG;0.02;< BG;9.4;17.0;3.69;1.9;14.1
2017-09-15;3.1;;2.9;0.07;< BG;57.0;5.1;0.013;332.0;1.6;0.959;11.0;0.003;4.39;2.0;0.44;0.008;8.3;0.009;0.022;0.012;10.4;13.0;3.56;1.9;9.3
2017-10-15;< BG;;1.1;0.02;< BG;60.0;6.0;< BG;353.0;0.9;0.989;13.0;0.004;4.83;2.2;0.49;< BG;8.4;< BG;0.008;< BG;9.6;18.0;3.73;0.9;10.3
2017-11-15;32.0;;0.64;0.02;1.8;51.0;3.8;0.026;284.0;3.3;0.95;9.1;0.004;3.23;2.3;0.53;< BG;8.3;0.025;0.055;0.029;11.6;7.1;3.23;4.5;5.9
2017-12-15;4.5;;1.0;0.06;1.3;62.0;18.0;0.026;380.0;2.4;1.05;12.0;0.007;11.0;3.0;0.68;0.005;8.1;0.012;0.026;0.015;10.8;10.0;3.77;2.6;3.3
2018-01-15;4.9;;1.75;0.085;1.35;60.5;11.95;0.018;360.0;1.65;0.916;11.5;0.004;7.46;2.8;0.63;0.006;8.15;0.007;0.016;0.009;11.45;11.9;3.7;1.9;4.6
2018-02-15;< BG;;4.0;0.3;1.8;65.0;12.0;< BG;395.0;0.9;1.07;13.2;0.005;8.33;3.1;0.7;0.012;8.1;< BG;0.008;0.006;11.6;17.0;3.93;0.9;0.6
2018-03-15;< BG;;4.8;0.29;;62.7;24.0;< BG;410.0;1.0;1.04;12.7;0.005;14.4;3.1;0.69;0.012;8.1;< BG;0.007;< BG;11.3;18.0;3.76;1.0;3.1
2018-04-15;52.0;;0.56;0.02;1.5;41.4;3.3;< BG;228.0;0.8;0.47;7.53;0.002;2.23;1.7;0.38;< BG;8.2;< BG;0.036;< BG;11.3;8.5;2.52;1.6;7.0
2018-05-15;5.5;;1.2;0.02;< BG;44.1;4.3;< BG;259.0;< BG;0.508;9.38;0.003;3.05;1.7;0.39;< BG;8.4;< BG;0.013;< BG;10.0;13.0;2.69;0.7;10.8
2018-06-15;5.1;;1.1;0.02;< BG;53.5;6.1;< BG;316.0;0.9;0.835;11.5;0.006;4.49;1.8;0.41;< BG;8.2;< BG;0.014;< BG;8.5;16.0;3.25;1.0;16.4
2018-07-15;3.0;;0.98;0.02;< BG;56.2;7.3;< BG;343.0;0.8;0.979;12.7;0.008;5.46;1.8;0.41;< BG;8.1;< BG;0.01;< BG;8.3;24.0;3.3;0.9;17.5
2018-08-15;< BG;;0.78;0.02;< BG;59.6;10.0;< BG;363.0;0.6;1.21;13.5;0.008;7.22;2.2;0.5;< BG;8.0;< BG;0.013;< BG;8.6;28.0;3.49;0.9;17.4
2018-09-15;17.0;;0.72;< BG;< BG;54.6;5.5;< BG;324.0;0.7;0.836;12.1;0.007;4.54;2.0;0.44;< BG;8.4;< BG;0.025;< BG;9.0;19.0;3.3;0.9;13.7
2018-10-15;< BG;;0.39;< BG;< BG;58.7;6.8;< BG;339.0;0.9;0.952;13.0;0.006;5.01;2.1;0.48;< BG;8.2;< BG;0.008;0.005;9.6;22.0;3.43;1.0;11.4
2018-11-15;< BG;;0.3;< BG;< BG;59.6;6.9;< BG;355.0;0.9;1.02;13.1;0.012;5.03;2.3;0.52;< BG;8.2;< BG;0.007;< BG;10.2;26.0;3.51;1.0;8.0
2018-12-15;37.0;;1.1;0.05;1.2;49.1;6.1;0.046;289.0;5.8;1.1;8.64;0.007;4.17;4.4;1.0;0.007;8.1;0.023;0.094;0.031;10.5;11.0;2.96;7.8;6.4
2019-01-15;< BG;;1.5;0.09;< BG;65.3;21.0;0.022;415.0;1.9;1.11;12.6;0.009;12.6;3.8;0.86;0.007;8.1;0.009;0.019;;11.4;16.0;3.81;1.9;3.2
2019-02-15;< BG;;3.7;0.23;1.8;67.0;33.0;0.017;462.0;1.6;1.25;13.3;0.009;18.1;4.0;0.9;0.013;8.1;< BG;0.012;;11.5;17.0;3.98;1.9;3.0
2019-03-15;4.4;;4.3;0.15;;61.1;17.0;< BG;368.0;1.7;0.996;12.0;0.007;10.1;3.2;0.71;0.005;8.3;< BG;0.016;;11.5;13.0;3.58;2.0;4.4
2019-04-15;8.8;;1.4;0.04;1.5;48.0;6.5;0.012;286.0;1.2;0.68;8.95;0.004;4.27;2.1;0.47;0.005;8.3;< BG;0.015;;10.8;12.0;2.92;1.5;6.8
2019-05-15;5.0;;0.79;0.02;< BG;51.4;6.5;0.012;308.0;1.1;0.715;10.3;0.005;4.39;1.9;0.43;< BG;8.3;< BG;0.01;;9.9;14.0;3.13;1.2;8.5
2019-06-15;74.0;;0.34;< BG;< BG;37.7;3.3;< BG;223.0;0.5;0.464;7.73;0.003;2.1;1.7;0.39;< BG;8.2;< BG;0.043;;10.4;9.1;2.42;1.2;9.5
2019-07-15;3.8;;0.48;< BG;< BG;48.5;6.3;< BG;294.0;0.7;0.693;10.5;0.005;4.23;1.7;0.38;< BG;8.2;< BG;0.007;;9.2;16.0;3.02;0.7;14.2
2019-08-15;5.7;;0.64;0.02;< BG;53.35;7.75;0.01;329.0;1.0;1.007;11.15;0.005;5.285;2.5;0.56;< BG;8.15;< BG;0.014;;8.85;18.0;3.305;1.1;14.35
2019-09-15;3.3;;0.4;< BG;< BG;55.0;7.0;0.013;335.0;1.2;1.03;11.5;0.003;5.16;2.2;0.5;< BG;8.2;< BG;0.01;;9.6;18.0;3.32;1.2;11.7
2019-10-15;< BG;;0.39;< BG;< BG;61.0;8.5;0.013;365.0;1.1;1.11;13.2;0.004;6.46;2.2;0.51;< BG;8.2;< BG;0.007;;9.4;21.0;3.66;1.2;11.4
2019-11-15;< BG;;0.54;0.02;< BG;61.0;9.5;< BG;376.0;1.2;1.21;12.6;0.004;6.75;2.9;0.65;0.007;8.2;< BG;0.007;;10.3;21.0;3.7;1.3;6.5
2019-12-15;4.3;;0.37;0.02;1.3;62.0;8.9;0.015;367.0;1.8;0.973;11.7;0.005;6.47;2.6;0.59;< BG;8.1;< BG;0.015;;10.7;15.0;3.8;1.9;4.7
2020-01-15;< BG;5.47;2.2;0.1;;63.7;11.0;0.019;386.0;1.5;1.14;12.7;0.006;7.83;3.3;0.74;0.01;8.2;0.005;0.011;0.007;11.1;17.0;3.85;1.9;4.0
2020-02-15;3.0;52.2;2.2;0.1;1.4;58.2;14.0;0.022;369.0;1.6;0.926;10.8;0.005;9.27;2.9;0.65;< BG;8.2;0.005;0.015;0.007;11.4;13.0;3.61;1.9;3.7
2020-03-15;< BG;8.28;1.7;0.07;< BG;63.4;12.0;0.022;366.0;1.7;0.983;12.4;0.006;7.92;2.9;0.65;0.006;8.2;< BG;0.014;0.006;10.8;14.0;3.75;1.9;5.3
2020-04-15;< BG;< BG;0.78;0.02;< BG;54.15;7.65;< BG;330.5;0.8;0.842;10.68;0.003;5.115;2.5;0.565;0.006;8.25;< BG;0.007;< BG;10.75;17.5;3.31;0.9;7.15
2020-05-15;8.3;8.15;;< BG;< BG;43.3;3.8;< BG;260.0;0.9;0.53;8.49;0.003;2.72;1.7;0.38;< BG;8.2;< BG;0.012;0.005;10.4;12.0;2.71;1.1;8.5
2020-06-15;14.0;20.7;0.58;0.02;< BG;48.9;4.4;0.029;287.0;2.5;0.781;9.72;0.005;3.61;1.6;0.37;< BG;8.1;0.007;0.031;0.01;10.6;9.4;3.11;2.9;10.4
2020-07-15;< BG;7.34;;< BG;< BG;53.0;5.4;< BG;318.0;0.9;0.822;11.0;0.004;4.2;1.9;0.43;< BG;8.1;< BG;0.009;< BG;9.0;16.0;3.31;1.0;15.3
2020-08-15;55.0;17.7;0.78;0.02;< BG;50.7;3.6;0.028;294.0;3.2;0.865;9.72;0.005;3.16;1.8;0.4;< BG;8.2;0.011;0.049;0.014;10.0;7.7;3.3;4.0;11.3
2020-09-15;< BG;< BG;;< BG;< BG;58.7;7.6;< BG;356.0;0.9;1.16;12.8;0.004;6.06;2.1;0.47;< BG;8.4;< BG;0.007;< BG;8.5;21.0;3.61;1.0;14.6
2020-10-15;< BG;6.28;;< BG;1.2;53.3;4.2;0.01;309.0;1.1;0.744;10.7;0.003;3.44;1.8;0.42;< BG;8.2;< BG;0.008;< BG;9.6;15.0;3.31;1.4;9.6
2020-11-15;3.5;5.52;;< BG;< BG;58.2;4.7;0.015;335.0;1.4;0.865;11.7;0.005;4.01;2.1;0.48;< BG;8.2;< BG;0.013;0.005;9.9;14.0;3.62;1.7;9.4
2020-12-15;< BG;< BG;0.82;0.03;< BG;62.9;17.0;0.015;405.0;1.4;1.17;13.2;0.004;11.3;2.8;0.63;< BG;8.3;< BG;0.009;0.007;11.3;20.0;3.88;1.7;3.9
2021-01-15;< BG;5.82;0.3;0.02;< BG;66.0;33.0;0.02;464.0;1.7;1.2;12.9;0.007;18.2;3.3;0.74;< BG;8.1;< BG;0.01;0.006;11.1;18.0;4.06;2.1;1.9
2021-02-15;5.2;9.76;1.8;0.08;1.4;59.7;23.0;0.021;399.0;2.0;1.15;11.6;0.006;13.3;3.5;0.79;< BG;8.2;0.012;0.025;0.015;10.9;15.0;3.68;2.2;4.3
2021-03-15;< BG;11.5;0.485;0.02;< BG;57.95;12.5;0.027;358.5;1.6;0.992;11.25;0.005;7.82;3.05;0.685;< BG;8.2;0.005;0.012;0.009;11.1;15.0;3.535;1.65;4.7
2021-04-15;4.6;6.6;0.75;0.02;< BG;50.2;10.0;0.015;312.0;1.5;0.72;9.29;0.004;6.64;2.1;0.47;< BG;8.3;< BG;0.014;0.005;10.3;14.0;3.12;1.7;7.9
2021-05-15;4.4;6.24;0.65;0.02;< BG;51.1;6.0;< BG;302.0;1.1;0.707;9.97;0.005;4.26;2.1;0.48;< BG;8.2;< BG;0.012;< BG;9.6;13.0;3.19;1.3;9.0
2021-06-15;6.3;5.83;1.0;0.02;< BG;43.9;5.0;< BG;273.0;0.8;0.674;9.63;0.006;3.57;1.6;0.37;< BG;8.2;< BG;0.015;< BG;8.2;14.0;2.78;0.9;15.0
2021-07-15;5.1;6.84;1.2;0.02;< BG;48.2;6.4;< BG;302.0;1.0;0.714;10.8;0.006;4.6;1.8;0.4;< BG;8.3;< BG;0.014;< BG;8.4;16.0;3.05;1.3;14.7
2021-08-15;9.5;6.85;;< BG;< BG;54.4;5.4;0.01;326.0;1.3;0.802;11.0;0.007;3.96;1.9;0.44;< BG;8.3;0.005;0.021;0.006;9.4;13.0;3.49;1.8;12.2
2021-09-15;< BG;< BG;;< BG;< BG;60.0;8.3;< BG;367.0;0.9;1.03;12.6;0.003;6.16;2.6;0.58;< BG;8.3;< BG;0.006;< BG;8.9;20.0;3.75;1.0;14.4
2021-10-15;< BG;< BG;;< BG;< BG;60.3;8.4;< BG;371.0;1.0;1.09;12.9;0.004;6.11;2.2;0.5;< BG;8.3;< BG;0.006;< BG;9.8;24.0;3.72;1.1;9.8
2021-11-15;< BG;5.09;;< BG;< BG;63.8;8.4;< BG;381.0;1.4;1.13;12.9;0.007;6.31;8.3;1.9;< BG;8.3;< BG;0.009;0.005;10.8;21.0;3.86;1.6;5.8
2021-12-15;< BG;< BG;1.7;0.06;1.6;65.8;26.0;0.02;438.0;1.9;1.23;13.2;0.009;16.5;2.9;0.66;0.007;8.3;0.007;0.014;0.009;11.6;17.0;4.04;2.0;4.1
