Date,Abf._Stoffe_mg/l,NH4-N_mg/l,BSB5_(EN1899_ohne_ATH)_mg/l,Chlorid_mg/l,LF_(20_°C)_vor_Ort_µS/cm,NO3-N_mg/l,pH-Wert_(vor_Ort)_-,o-PO4-P_mg/l,P-ges._mg/l,O2-gelöst_mg/l,TOC_mg/l,Wassertemp.(vor_Ort)_°C
1982-01-15,,0.065,1.6,10.0,292.0,0.745,7.85,0.04,0.11,11.5,2.15,1.5
1982-02-15,,0.07,2.6,13.0,300.0,1.02,7.85,0.04,0.11,8.9,2.65,2.65
1982-03-15,,0.06,2.6,13.333,338.0,0.82,8.1,0.042,0.159,11.533,2.4,4.133
1982-04-15,,0.055,1.5,9.0,255.0,0.785,7.7,0.04,0.065,10.3,1.75,5.15
1982-05-15,,0.025,0.75,6.0,187.0,0.46,7.85,0.024,0.092,10.4,1.6,7.0
1982-06-15,,0.055,2.4,4.0,172.0,0.27,8.2,0.032,0.095,11.15,2.85,9.4
1982-07-15,,0.115,1.05,10.5,268.5,0.515,7.6,0.077,0.1,10.05,1.7,12.75
1982-08-15,,0.07,2.15,8.0,264.0,0.465,7.95,0.03,0.112,9.1,3.25,12.65
1982-09-15,,0.08,1.967,7.667,301.333,0.507,8.4,0.094,0.124,8.533,2.767,11.833
1982-10-15,,0.05,0.85,8.5,269.5,0.64,7.45,0.066,0.162,10.2,2.3,7.9
1982-11-15,,0.2,2.45,10.0,337.5,0.74,8.3,0.109,0.159,10.6,1.5,6.95
1982-12-15,,0.195,3.25,11.5,296.0,0.96,8.1,0.081,0.128,11.1,1.6,4.9
1983-01-15,3.7,0.305,3.0,17.5,310.0,1.0,8.35,0.098,0.168,11.7,4.4,3.65
1983-02-15,7.9,0.16,3.25,10.0,286.5,1.35,8.25,0.061,0.126,11.25,3.6,2.3
1983-03-15,3.8,0.127,2.667,11.667,281.667,0.783,7.933,0.065,0.144,11.433,2.567,4.267
1983-04-15,3.95,0.05,1.75,6.0,264.0,0.64,8.25,0.046,0.097,11.2,1.95,5.85
1983-05-15,43.3,0.035,1.5,5.0,235.5,0.595,8.2,0.054,0.114,11.3,2.1,6.85
1983-06-15,20.15,0.075,1.55,5.0,205.5,0.5,7.6,0.046,0.115,11.65,2.35,10.4
1983-07-15,47.75,0.11,1.1,6.5,226.0,0.545,7.8,0.069,0.111,9.5,4.45,14.45
1983-08-15,82.5,0.117,1.25,5.667,157.0,0.78,7.1,0.092,0.206,9.133,3.333,13.133
1983-09-15,35.0,0.145,1.95,11.0,279.5,0.615,7.45,0.077,0.102,9.1,1.95,10.4
1983-10-15,16.75,0.115,0.9,6.5,243.0,0.52,7.4,0.098,0.142,10.15,2.45,7.6
1983-11-15,64.85,0.295,1.8,17.5,376.0,0.69,7.1,0.142,0.244,11.6,1.6,4.2
1983-12-15,55.35,0.285,3.1,13.0,300.0,0.835,7.2,0.138,0.166,12.0,1.5,2.9
1984-01-15,37.133,0.287,1.6,17.667,336.667,0.943,7.533,0.088,0.158,11.667,2.1,2.767
1984-02-15,20.75,0.335,2.75,16.5,337.0,1.115,8.0,0.12,0.188,10.75,2.35,2.85
1984-03-15,27.1,0.225,1.25,20.0,365.5,0.8,7.7,0.099,0.136,12.2,5.3,3.5
1984-04-15,28.6,0.1,0.7,8.667,223.0,1.11,7.2,0.046,0.082,11.533,3.25,4.2
1984-05-15,64.1,0.09,1.1,5.5,196.5,0.505,7.3,0.052,0.083,11.4,,6.45
1984-06-15,65.1,0.045,2.0,5.0,182.0,0.54,7.6,0.07,0.086,10.7,1.55,8.95
1984-07-15,6.55,0.065,1.45,6.5,205.5,0.635,7.1,0.066,0.1,9.85,2.25,13.25
1984-08-15,25.35,0.165,1.8,6.5,283.5,0.835,7.05,0.09,0.126,9.95,2.2,12.3
1984-09-15,70.5,0.05,1.1,6.5,231.5,0.755,7.05,0.051,0.092,9.25,1.35,11.9
1984-10-15,8.067,0.08,0.65,9.0,276.667,0.51,7.6,0.089,0.168,11.067,2.133,8.6
1984-11-15,41.15,0.29,2.5,9.0,319.0,0.79,7.85,0.143,0.24,10.3,3.9,5.2
1984-12-15,25.4,0.14,1.9,11.0,278.0,0.47,7.3,0.117,0.204,8.6,1.7,4.7
1985-01-15,24.5,0.585,2.8,14.0,364.0,0.84,7.65,0.162,0.234,12.5,1.55,2.7
1985-02-15,30.85,0.5,1.95,15.5,338.5,0.745,7.75,0.098,0.147,10.65,4.1,2.8
1985-03-15,43.95,0.35,1.55,17.5,332.0,0.735,7.25,0.092,0.122,11.1,2.35,4.05
1985-04-15,84.5,0.195,2.1,6.5,203.5,0.65,7.15,0.021,0.042,10.45,4.1,5.4
1985-05-15,164.5,0.08,0.95,4.0,181.5,0.5,7.45,0.018,0.056,10.5,5.5,6.3
1985-06-15,91.0,0.095,3.4,5.0,202.5,0.355,7.35,0.036,0.106,10.65,1.75,9.6
1985-07-15,76.633,0.123,1.6,6.0,224.667,0.693,7.6,0.067,0.146,8.9,2.8,11.433
1985-08-15,37.75,0.055,1.0,6.0,202.5,0.665,7.25,0.03,0.064,9.65,1.35,12.3
1985-09-15,64.2,0.06,0.6,12.5,252.0,0.755,7.0,0.066,0.093,9.75,1.05,11.3
1985-10-15,41.05,0.135,0.9,14.0,292.0,1.095,6.9,0.098,0.16,12.1,1.75,9.0
1985-11-15,32.25,0.655,1.45,14.5,341.5,0.845,7.2,0.165,0.214,10.25,2.95,5.25
1985-12-15,29.35,0.22,1.8,8.0,289.5,0.68,7.8,0.078,0.102,11.2,1.9,4.65
1986-01-15,68.867,0.177,1.2,11.667,246.667,1.053,7.4,0.078,0.12,13.167,3.733,1.7
1986-02-15,31.45,0.675,1.1,18.5,326.5,0.865,7.3,0.144,0.188,10.65,1.8,0.3
1986-03-15,8.3,0.32,0.65,17.5,323.5,1.05,7.45,0.11,0.152,10.9,3.8,4.4
1986-04-15,80.5,0.095,1.6,6.5,184.5,0.885,7.15,0.03,0.06,10.8,5.55,5.55
1986-05-15,75.35,0.065,0.7,5.0,161.5,0.51,7.35,0.02,0.04,11.8,2.6,8.15
1986-06-15,47.9,0.115,1.2,5.5,226.5,0.56,7.35,0.042,0.076,9.55,3.4,8.55
1986-07-15,72.667,0.08,1.4,7.333,214.667,0.58,7.233,0.061,0.075,10.5,1.167,13.967
1986-08-15,296.75,0.085,0.6,6.5,200.5,0.785,7.1,0.049,0.206,10.5,4.65,11.8
1986-09-15,79.7,0.21,0.8,9.5,264.0,0.915,7.0,0.086,0.152,10.25,2.3,10.65
1986-10-15,76.25,0.25,1.1,9.0,236.5,0.895,7.35,0.098,0.158,9.65,4.9,10.3
1986-11-15,77.6,0.19,1.1,9.5,261.5,1.2,7.05,0.075,0.091,11.55,1.25,5.45
1986-12-15,57.25,0.25,2.35,17.0,320.0,0.745,7.35,0.154,0.197,12.25,2.15,2.85
1987-01-15,118.367,0.327,1.0,12.667,276.0,1.033,7.467,0.081,0.183,13.4,3.333,1.8
1987-02-15,70.15,0.395,0.95,15.0,283.5,0.99,7.2,0.056,0.096,12.55,2.55,3.55
1987-03-15,74.55,0.345,0.85,12.0,254.5,1.135,7.35,0.045,0.07,13.1,2.25,3.2
1987-04-15,35.65,0.105,1.05,4.0,226.5,0.805,7.3,0.024,0.055,12.6,1.95,5.4
1987-05-15,42.25,0.095,1.45,3.5,233.0,0.65,7.85,0.027,0.069,12.05,2.55,6.35
1987-06-15,52.2,0.08,0.7,2.5,166.0,0.55,7.65,0.024,0.078,12.15,5.15,7.5
1987-07-15,167.467,0.057,1.05,4.333,179.333,0.72,7.4,0.023,0.106,11.0,5.9,10.933
1987-08-15,57.3,0.075,1.0,6.5,210.0,0.635,7.25,0.026,0.06,11.1,1.75,11.25
1987-09-15,81.8,0.07,1.1,9.0,227.0,0.81,7.15,0.04,0.074,12.65,1.8,12.6
1987-10-15,77.0,0.145,0.8,10.0,265.5,0.995,7.2,0.04,0.072,10.95,1.685,9.6
1987-11-15,73.15,0.12,0.5,9.5,274.0,0.8,7.65,0.045,0.078,11.05,1.55,7.2
1987-12-15,61.333,0.29,,11.667,321.0,0.873,7.6,0.07,0.089,12.467,0.667,3.9
1988-01-15,82.0,0.44,1.0,13.0,275.0,0.6,7.4,0.065,0.15,12.0,3.0,3.85
1988-02-15,8.0,0.26,3.15,21.0,409.0,0.9,7.95,0.115,0.14,13.25,2.75,3.15
1988-03-15,77.5,0.48,0.75,16.0,256.5,1.05,7.35,0.05,0.1,14.55,2.8,3.15
1988-04-15,44.3,0.075,1.2,6.5,228.5,0.85,7.85,0.025,0.04,13.5,4.4,6.5
1988-05-15,44.0,0.115,1.0,6.5,226.0,0.65,8.45,0.02,0.035,12.75,2.15,7.25
1988-06-15,28.567,0.093,0.9,4.333,230.0,0.567,8.5,0.03,0.043,11.367,1.533,9.667
1988-07-15,506.35,0.07,0.85,5.5,201.0,0.65,7.7,0.05,0.2,10.25,2.85,12.75
1988-08-15,64.15,0.09,1.3,7.5,311.5,0.75,8.25,0.04,0.07,10.3,2.65,13.55
1988-09-15,50.0,0.11,0.6,7.0,251.0,0.8,8.05,0.035,0.08,10.8,1.5,10.55
1988-10-15,27.7,0.18,1.1,11.0,291.5,0.8,8.2,0.07,0.155,10.8,2.05,10.75
1988-11-15,19.667,0.14,3.2,10.0,281.0,0.767,8.267,0.057,0.2,12.0,2.9,4.467
1988-12-15,2.35,0.16,2.7,9.0,303.0,0.8,8.35,0.03,0.06,12.45,,4.5
1989-01-15,39.5,0.42,1.35,10.5,367.5,0.85,8.15,0.032,0.08,13.45,1.65,2.75
1989-02-15,61.5,0.37,0.8,9.0,287.5,1.05,8.0,0.048,0.137,13.15,3.15,3.6
1989-03-15,2.5,0.28,,8.0,326.0,0.35,8.0,0.028,0.046,12.35,3.0,5.15
1989-04-15,26.0,0.07,1.6,8.0,308.0,0.65,8.0,0.014,0.034,11.35,3.7,6.55
1989-05-15,33.5,0.1,1.0,7.5,309.5,0.65,8.15,0.011,0.028,11.65,1.35,8.25
1989-06-15,27.667,0.14,2.467,5.333,266.333,0.7,8.0,0.022,0.051,10.733,1.9,10.367
1989-07-15,149.5,0.095,2.3,3.0,275.5,0.55,8.1,0.032,0.141,10.4,4.8,13.8
1989-08-15,99.0,0.075,1.8,5.0,281.5,0.65,7.9,0.017,0.085,10.3,2.0,12.55
1989-09-15,85.5,0.075,1.0,6.5,300.0,0.7,8.15,0.014,0.041,10.8,2.1,10.5
1989-10-15,41.0,0.09,0.8,7.5,337.0,0.8,8.2,0.022,0.045,11.6,1.1,7.4
1989-11-15,77.667,0.227,1.267,10.333,368.333,0.767,8.3,0.012,0.032,12.533,1.533,5.233
1989-12-15,85.0,0.49,1.5,11.5,390.0,0.8,8.1,0.024,0.055,12.4,3.2,2.75
1990-01-15,38.5,0.49,1.75,13.0,416.0,0.95,7.95,0.028,0.052,12.55,3.2,1.75
1990-02-15,12.0,0.255,1.8,11.0,368.5,0.85,8.2,0.037,0.057,12.55,1.7,4.55
1990-03-15,67.0,0.315,0.5,8.0,339.0,0.8,8.2,0.016,0.04,14.25,1.35,6.5
1990-04-15,41.5,0.265,1.55,8.0,327.0,0.7,8.1,0.012,0.038,13.45,2.7,7.0
1990-05-15,67.667,0.143,1.65,5.0,268.0,0.667,8.3,0.013,0.034,11.9,2.333,10.033
1990-06-15,140.0,0.085,1.7,5.0,315.0,0.7,8.05,0.026,0.11,12.65,4.4,10.7
1990-07-15,94.0,0.06,,6.5,320.0,0.8,8.2,0.009,0.041,11.7,1.6,12.75
1990-08-15,35.5,0.145,1.0,6.0,339.5,0.75,8.1,0.024,0.04,10.65,1.5,13.5
1990-09-15,34.5,0.145,2.55,7.0,283.5,0.8,8.2,0.021,0.034,10.75,0.7,11.2
1990-10-15,98.667,0.117,1.6,6.0,309.333,0.7,7.9,0.029,0.079,10.8,3.633,10.367
1990-11-15,81.0,0.16,1.8,7.0,321.5,0.65,8.15,0.022,0.046,13.2,4.5,5.75
1990-12-15,78.0,0.52,,10.0,394.5,0.9,8.05,0.041,0.068,16.4,1.6,2.85
1991-01-15,109.0,0.085,,8.5,365.5,0.85,8.1,0.015,0.04,13.7,,3.75
1991-02-15,33.5,0.63,1.45,17.5,419.5,1.0,7.95,0.044,0.054,12.45,,2.85
1991-03-15,2.5,0.24,2.35,9.5,330.5,0.85,8.0,0.02,0.028,13.4,,6.2
1991-04-15,4.5,0.24,1.65,8.5,321.5,0.75,8.05,0.02,0.034,11.8,,7.6
1991-05-15,67.667,0.133,0.5,5.0,277.0,0.733,7.9,0.01,0.047,11.967,,8.3
1991-06-15,36.5,0.15,0.8,4.5,266.5,0.6,8.05,0.016,0.036,12.3,,11.95
1991-07-15,18.0,0.14,0.95,5.0,299.0,0.75,7.9,0.021,0.07,11.55,,14.45
1991-08-15,81.0,0.205,,8.0,344.5,0.9,7.85,0.011,0.038,9.5,,14.6
1991-09-15,63.5,0.24,,10.5,384.0,1.55,7.85,0.01,0.038,10.75,,14.75
1991-10-15,56.0,0.207,1.2,9.0,343.667,1.033,7.967,0.019,0.036,11.2,,9.233
1991-11-15,34.0,0.215,1.25,9.0,368.0,0.85,7.7,0.012,0.026,12.0,,5.05
1991-12-15,4.0,0.755,2.65,16.0,410.0,1.05,7.85,0.02,0.03,13.55,,0.3
1992-01-15,3.0,0.545,1.9,17.0,403.0,1.05,7.75,0.034,0.05,14.45,,1.95
1992-02-15,3.0,0.435,2.8,16.0,369.0,0.95,7.75,0.034,0.055,12.0,,2.2
1992-03-15,11.0,0.22,2.7,11.0,344.5,1.15,7.9,0.018,0.036,11.65,,4.7
1992-04-15,92.0,0.12,2.167,6.667,282.667,0.867,8.0,0.013,0.102,12.133,,5.133
1992-05-15,55.0,0.14,0.6,4.0,226.5,0.6,7.65,0.008,0.026,12.7,,8.1
1992-06-15,117.5,0.065,1.65,3.5,238.5,0.55,7.95,0.019,0.194,10.45,,10.4
1992-07-15,3.0,0.07,1.1,7.5,300.5,0.8,8.15,0.014,0.032,9.85,,13.55
1992-08-15,151.0,0.09,1.25,7.0,313.0,1.05,8.1,0.032,0.052,8.2,,15.85
1992-09-15,411.0,0.163,2.6,6.667,300.667,1.1,7.967,0.027,0.08,8.9,,11.9
1992-10-15,52.5,0.11,1.0,6.5,340.0,0.8,8.0,0.019,0.034,10.55,,8.1
1992-11-15,17.5,0.065,1.35,4.5,283.5,0.8,8.2,0.026,0.083,11.05,,5.45
1992-12-15,8.5,0.14,1.7,7.0,360.5,0.9,7.5,0.017,0.028,12.15,,4.45
1993-01-15,10.0,0.42,1.85,8.0,366.0,0.95,8.2,0.014,0.03,12.9,,4.4
1993-02-15,8.5,0.35,1.55,8.0,375.5,0.95,7.7,0.013,0.025,11.6,,2.95
1993-03-15,8.5,0.29,2.233,13.667,375.333,1.167,8.2,0.014,0.029,12.2,,3.5
1993-04-15,13.0,0.195,1.65,6.0,284.0,0.75,8.2,0.01,0.038,11.15,,6.65
1993-05-15,26.0,0.12,1.9,4.5,248.5,0.6,8.05,0.012,0.028,10.45,,9.75
1993-06-15,46.0,0.07,1.5,5.0,267.5,0.65,8.2,0.02,0.082,11.55,,11.35
1993-07-15,21.0,0.04,1.25,3.5,291.0,0.65,8.25,0.012,0.052,10.3,,10.15
1993-08-15,13.0,0.063,1.0,4.667,332.0,0.8,8.2,0.014,0.034,9.633,,12.4
1993-09-15,3.0,0.105,,4.0,331.0,0.7,8.2,0.019,0.027,9.9,,10.1
1993-10-15,29.0,0.13,4.5,4.0,335.0,0.75,8.15,0.04,0.12,10.9,,8.15
1993-11-15,3.0,0.135,1.1,9.5,365.0,0.85,8.2,0.01,0.02,11.55,,4.25
1993-12-15,525.5,0.24,2.8,11.0,296.5,0.95,8.15,0.03,0.252,12.4,,3.75
1994-01-15,5.5,0.22,1.5,12.667,374.0,0.867,8.167,0.032,0.047,12.467,2.533,2.733
1994-02-15,8.0,0.61,1.9,11.0,400.0,0.9,8.3,0.016,0.029,13.6,2.4,0.3
1994-03-15,15.0,0.173,1.5,7.333,311.0,0.767,8.067,0.019,0.045,11.7,3.1,4.9
1994-04-15,126.0,0.105,3.3,5.0,249.0,0.7,8.15,0.044,0.242,11.65,5.6,5.15
1994-05-15,18.5,0.065,1.3,4.5,235.0,0.55,8.2,0.007,0.028,11.6,1.55,8.6
1994-06-15,22.0,0.1,2.0,6.0,273.0,0.45,8.15,0.025,0.068,11.45,2.15,10.85
1994-07-15,303.0,0.09,2.35,6.0,259.5,0.3,8.05,0.034,0.238,10.5,4.6,12.3
1994-08-15,6.5,0.18,1.05,7.5,333.0,0.8,8.15,0.02,0.03,9.05,1.15,15.05
1994-09-15,32.0,0.093,2.4,4.667,329.0,0.7,8.167,0.026,0.066,9.967,2.633,11.833
1994-10-15,14.5,0.065,2.6,5.5,355.0,0.8,8.1,0.022,0.042,10.6,2.75,8.85
1994-11-15,18.5,0.14,1.3,8.5,359.0,0.75,8.1,0.019,0.026,10.8,1.45,6.95
1994-12-15,12.6,0.14,1.35,6.0,366.5,0.9,8.0,0.032,0.042,11.65,1.6,4.45
1995-01-15,12.5,0.405,1.3,8.0,386.5,0.85,8.25,0.03,0.038,12.35,2.0,1.25
1995-02-15,17.5,0.275,1.9,8.5,338.0,0.65,8.2,0.03,0.055,11.8,2.95,4.35
1995-03-15,12.0,0.267,1.567,10.667,363.333,0.8,8.233,0.013,0.028,12.9,2.733,4.0
1995-04-15,190.5,0.14,2.75,6.0,260.0,0.7,8.05,0.028,0.082,12.25,5.6,5.8
1995-05-15,13.0,0.055,1.2,4.5,257.0,0.55,8.1,0.006,0.022,11.05,1.05,7.6
1995-06-15,23.5,0.04,1.7,5.5,253.5,0.45,8.05,0.013,0.044,11.15,1.7,9.55
1995-07-15,10.0,0.08,1.0,4.5,277.5,0.5,8.05,0.011,0.024,10.1,1.85,11.6
1995-08-15,6.667,0.073,1.367,4.333,305.667,0.667,8.1,0.022,0.073,11.4,3.167,12.1
1995-09-15,53.5,0.13,2.5,4.0,277.0,0.55,8.0,0.03,0.146,10.65,5.45,9.95
1995-10-15,11.0,0.11,,7.0,363.5,0.8,8.1,0.015,0.02,10.75,1.0,10.0
1995-11-15,18.0,0.145,1.35,6.0,366.0,0.7,8.0,0.016,0.024,11.55,2.8,4.55
1995-12-15,7.0,0.555,2.3,15.5,399.0,1.0,8.0,0.032,0.048,11.3,1.9,3.6
1996-01-15,4.5,0.51,1.5,8.0,372.5,0.85,8.05,0.024,0.037,10.9,1.45,3.05
1996-02-15,7.333,0.747,2.1,16.0,411.667,0.833,8.267,0.023,0.032,12.933,1.933,1.867
1996-03-15,4.0,0.58,2.05,10.5,356.0,1.0,8.45,0.016,0.032,14.35,2.55,2.5
1996-04-15,22.0,0.195,1.8,4.0,272.0,0.9,8.05,0.008,0.022,12.4,1.5,6.4
1996-05-15,15.0,0.26,1.9,5.0,256.0,0.65,7.9,0.017,0.034,10.45,2.0,8.1
1996-06-15,11.0,0.105,1.0,6.0,303.5,0.75,8.05,0.012,0.024,9.85,1.85,11.8
1996-07-15,17.333,0.097,1.4,6.0,301.667,0.767,8.033,0.016,0.04,10.667,2.8,11.833
1996-08-15,20.5,0.055,1.15,5.0,287.5,0.6,8.15,0.012,0.038,10.6,3.6,10.5
1996-09-15,12.0,0.135,1.2,6.5,325.5,0.75,8.0,0.012,0.024,10.7,1.8,9.4
1996-10-15,26.0,0.16,1.3,4.5,335.5,0.8,8.0,0.012,0.022,10.85,2.2,7.5
1996-11-15,10.0,0.11,1.6,5.0,346.0,0.7,8.05,0.014,0.022,11.7,2.6,5.6
1996-12-15,9.0,0.08,1.4,9.0,374.0,0.9,8.2,0.013,0.022,12.4,2.55,3.1
1997-01-15,5.0,0.503,2.267,10.333,397.0,0.9,8.133,0.012,0.022,12.667,1.8,1.75
1997-02-15,63.0,0.7,7.0,12.0,320.0,0.85,7.95,0.05,0.22,11.5,6.05,4.35
1997-03-15,15.0,0.43,1.7,8.0,333.0,0.7,8.2,0.024,0.052,11.85,2.4,5.55
1997-04-15,7.0,0.3,1.7,6.5,338.0,0.8,8.15,0.01,0.021,12.3,1.9,5.8
1997-05-15,57.0,0.165,1.55,3.0,225.5,0.35,8.1,0.016,0.084,11.45,2.9,6.7
1997-06-15,9.0,0.185,1.0,5.5,273.0,0.8,8.15,0.01,0.02,10.15,1.1,11.35
1997-07-15,8.333,0.127,1.4,4.667,310.667,0.667,8.133,0.015,0.033,10.233,2.067,11.4
1997-08-15,13.0,0.17,1.2,6.0,340.0,0.7,8.15,0.016,0.026,9.35,1.35,14.35
1997-09-15,8.5,0.3,1.4,8.0,358.0,0.8,8.15,0.018,0.026,9.35,1.3,12.25
1997-10-15,6.0,0.215,1.1,6.5,335.5,0.75,8.2,0.017,0.029,9.6,1.95,10.5
1997-11-15,4.0,0.16,1.15,7.0,366.0,0.95,8.2,0.014,0.023,11.45,1.1,5.85
1997-12-15,7.5,0.207,1.7,8.0,357.0,0.7,8.233,0.016,0.029,11.767,2.7,3.467
1998-01-15,9.5,0.33,1.3,8.0,378.0,0.9,8.2,0.021,0.029,11.85,2.05,2.0
1998-02-15,4.0,0.255,1.35,10.5,382.5,0.9,8.2,0.02,0.032,11.9,2.6,4.75
1998-03-15,8.0,0.225,1.4,8.5,368.0,0.8,8.2,0.013,0.027,13.05,2.35,2.75
1998-04-15,8.0,0.22,1.4,5.5,318.5,0.65,8.25,0.012,0.027,9.85,2.55,6.9
1998-05-15,4.0,0.165,1.5,4.5,285.0,0.65,8.2,0.012,0.022,11.3,1.15,7.85
1998-06-15,5.0,0.055,1.0,4.0,273.5,0.55,8.25,0.009,0.016,10.65,0.9,11.05
1998-07-15,6.0,0.08,1.367,4.333,294.667,0.633,8.233,0.021,0.04,9.933,1.8,12.833
1998-08-15,5.0,0.047,1.3,5.333,325.333,0.667,8.3,0.01,0.02,9.533,1.4,13.167
1998-09-15,,0.05,1.0,4.0,308.0,0.6,8.3,0.008,0.016,10.3,2.7,11.2
1998-10-15,,0.06,1.1,4.0,325.0,0.55,8.2,0.008,0.022,11.45,1.55,8.15
1998-11-15,,,,,,,,,,,,
1998-12-15,,,,,,,,,,,,
1999-01-15,10.0,0.425,2.35,13.0,360.0,0.9,8.15,0.022,0.054,12.5,3.0,2.25
1999-02-15,,0.28,1.9,13.0,381.0,0.9,8.15,0.012,0.027,12.8,2.0,0.9
1999-03-15,3.5,0.16,1.4,11.0,347.0,1.0,8.1,0.026,0.043,11.95,2.5,4.1
1999-04-15,13.5,0.125,2.2,5.0,265.5,0.65,8.25,0.01,0.035,11.3,2.35,5.65
1999-05-15,30.0,0.06,1.2,2.5,224.5,0.5,8.2,0.006,0.049,11.2,1.4,7.3
1999-06-15,19.25,0.078,1.1,3.75,263.0,0.475,8.25,0.012,0.041,10.525,1.675,9.875
1999-07-15,21.5,0.11,1.8,3.5,283.5,0.55,8.2,0.012,0.042,9.95,1.7,11.95
1999-08-15,5.5,0.08,1.2,3.5,303.5,0.55,8.2,0.012,0.03,9.75,1.5,12.15
1999-09-15,6.0,0.1,1.0,5.5,332.5,0.65,8.2,0.012,0.026,9.35,1.45,12.8
1999-10-15,6.0,0.07,1.5,4.5,343.5,0.65,8.2,0.014,0.026,10.95,1.7,7.55
1999-11-15,14.0,0.08,1.55,8.5,378.5,0.8,8.2,0.017,0.034,10.95,1.65,6.85
1999-12-15,5.0,0.123,1.833,9.0,370.0,0.833,8.2,0.016,0.03,11.9,2.267,3.1
2000-01-15,,0.375,1.8,15.0,403.5,0.9,8.3,0.01,0.018,12.95,1.8,3.8
2000-02-15,,0.215,1.95,12.0,370.5,0.85,8.2,0.02,0.028,11.85,1.85,3.6
2000-03-15,4.0,0.21,1.6,9.5,356.0,0.9,8.25,0.015,0.028,11.45,1.8,4.35
2000-04-15,3.0,0.13,1.3,6.5,322.5,0.75,8.25,0.008,0.018,10.9,1.55,6.0
2000-05-15,69.0,0.08,1.8,3.667,212.667,0.467,8.233,0.008,0.102,10.9,2.167,7.9
2000-06-15,29.0,0.075,1.5,6.0,287.5,0.55,8.25,0.012,0.052,10.25,1.45,10.9
2000-07-15,177.5,0.065,1.75,4.0,253.5,0.45,8.3,0.012,0.196,10.2,5.25,10.8
2000-08-15,57.0,0.125,1.8,5.0,301.5,0.65,8.2,0.029,0.115,9.85,2.7,12.45
2000-09-15,17.0,0.015,1.2,5.0,324.0,0.6,8.35,0.016,0.038,10.3,1.8,10.45
2000-10-15,,0.03,1.3,5.667,342.333,0.667,8.3,0.012,0.022,10.767,1.5,9.3
2000-11-15,,0.055,1.35,7.0,373.0,0.65,8.25,0.014,0.026,11.0,1.75,6.95
2000-12-15,,0.16,1.6,8.5,380.0,0.75,8.25,0.014,0.022,11.45,1.15,5.45
2001-01-15,,0.34,2.7,16.5,407.0,0.95,8.3,0.013,0.023,12.4,2.2,3.7
2001-02-15,5.0,0.195,1.95,9.5,364.0,0.9,8.3,0.026,0.046,11.9,2.65,4.9
2001-03-15,6.5,0.115,2.1,7.5,329.5,0.8,8.2,0.018,0.038,12.4,2.55,4.7
2001-04-15,8.0,0.085,1.6,5.5,323.0,0.7,8.2,0.014,0.032,11.05,2.1,6.7
2001-05-15,32.667,0.043,1.7,2.333,228.0,0.433,8.3,0.007,0.045,11.033,1.1,9.467
2001-06-15,19.5,0.035,1.9,5.0,293.5,0.55,8.2,0.01,0.034,10.35,1.4,10.8
2001-07-15,,0.04,,4.0,316.5,0.6,8.15,0.016,0.022,9.8,0.85,13.65
2001-08-15,20.0,0.045,1.1,5.0,324.5,0.6,8.2,0.014,0.036,9.55,1.15,14.1
2001-09-15,17.0,0.04,1.15,3.5,292.5,0.5,8.2,0.013,0.035,9.7,2.55,10.5
2001-10-15,22.0,0.02,1.1,6.0,347.667,0.667,8.2,0.01,0.031,9.833,1.133,10.633
2001-11-15,5.0,0.08,1.7,8.5,361.0,0.65,8.15,0.014,0.025,11.25,2.2,5.45
2001-12-15,,0.2,1.5,7.5,365.5,0.75,8.3,0.014,0.021,12.3,1.65,2.6
2002-01-15,,,,,,,,,,,,
2002-02-15,,,,,,,,,,,,
2002-03-15,,,,,,,,,,,,
2002-04-15,,,,,,,,,,,,
2002-05-15,,,,,,,,,,,,
2002-06-15,,,,,,,,,,,,
2002-07-15,,,,,,,,,,,,
2002-08-15,,,,,,,,,,,,
2002-09-15,,,,,,,,,,,,
2002-10-15,,,,,,,,,,,,
2002-11-15,,,,,,,,,,,,
2002-12-15,,,,,,,,,,,,
2003-01-15,,,,,,,,,,,,
2003-02-15,,,,,,,,,,,,
2003-03-15,,,,,,,,,,,,
2003-04-15,,,,,,,,,,,,
2003-05-15,,,,,,,,,,,,
2003-06-15,,,,,,,,,,,,
2003-07-15,,,,,,,,,,,,
2003-08-15,,,,,,,,,,,,
2003-09-15,,,,,,,,,,,,
2003-10-15,,,,,,,,,,,,
2003-11-15,,,,,,,,,,,,
2003-12-15,,,,,,,,,,,,
2004-01-15,,,,,,,,,,,,
2004-02-15,,,,,,,,,,,,
2004-03-15,4.0,0.25,1.5,18.0,377.5,0.9,8.15,0.008,0.022,12.35,2.2,3.4
2004-04-15,,,,,,,,,,,,
2004-05-15,,0.03,1.3,6.0,302.0,0.69,8.1,0.01,0.022,11.8,1.7,7.8
2004-06-15,532.0,0.02,2.6,4.0,219.0,0.61,8.3,0.009,0.28,12.0,15.0,8.8
2004-07-15,,,,,,,,,,,,
2004-08-15,,,,,,,,,,,,
2004-09-15,,,,,,,,,,,,
2004-10-15,,,,,,,,,,,,
2004-11-15,,,,,,,,,,,,
2004-12-15,2.0,0.04,2.2,22.0,412.0,0.89,8.3,0.01,0.021,12.7,1.4,0.4
2005-01-15,2.0,0.37,1.3,11.0,396.0,0.83,8.3,0.007,0.016,12.7,1.4,2.1
2005-02-15,,,,,,,,,,,,
2005-03-15,,0.64,2.4,19.0,422.0,0.92,8.3,0.009,0.019,13.6,1.8,1.0
2005-04-15,,,,,,,,,,,,
2005-05-15,12.0,0.06,1.4,7.0,311.0,0.69,8.2,0.006,0.012,11.5,2.6,7.5
2005-06-15,,,,,,,,,,,,
2005-07-15,,,,,,,,,,,,
2005-08-15,3912.0,0.043,,4.0,231.667,0.477,8.2,0.007,0.099,10.767,59.567,13.8
2005-09-15,,,,,,,,,,,,
2005-10-15,,,,,,,,,,,,
2005-11-15,,0.07,1.8,16.0,412.0,0.91,8.3,,0.009,12.8,1.0,3.0
2005-12-15,5.0,0.08,2.0,23.0,446.0,1.085,8.25,0.008,0.022,11.95,2.75,3.4
2006-01-15,4.5,0.435,2.3,21.0,440.0,0.95,8.3,0.008,0.023,13.3,1.9,3.1
2006-02-15,4.0,0.55,2.2,23.0,436.5,0.895,8.3,0.014,0.033,13.1,1.55,1.25
2006-03-15,81.8,0.33,1.967,20.333,377.333,1.057,8.233,0.019,0.078,12.3,3.833,2.5
2006-04-15,33.1,0.13,1.45,10.0,301.0,0.75,8.2,0.01,0.036,12.0,1.95,5.4
2006-05-15,29.0,0.075,1.5,6.0,254.5,0.505,8.25,,0.026,10.8,1.1,9.2
2006-06-15,8.3,0.065,1.3,7.0,293.0,0.575,8.25,0.007,0.024,9.85,1.15,12.0
2006-07-15,4.2,0.02,,13.0,344.0,0.655,8.2,0.006,0.017,9.7,1.15,16.8
2006-08-15,111.133,0.07,1.85,7.333,300.0,0.64,8.167,0.014,0.074,9.767,2.433,12.967
2006-09-15,2.9,0.02,,7.5,323.0,0.65,8.2,0.005,0.016,9.6,1.5,13.5
2006-10-15,18.0,0.02,1.0,8.05,356.0,0.625,8.25,0.017,0.029,9.65,1.65,10.55
2006-11-15,5.9,0.035,1.3,8.0,357.5,0.68,8.25,,0.012,10.55,1.95,6.5
2006-12-15,2.2,0.075,1.5,9.5,374.0,0.725,8.3,0.006,0.012,11.5,1.8,4.25
2007-01-15,16.167,0.173,2.0,9.667,340.333,0.863,8.233,0.012,0.026,12.033,2.133,3.5
2007-02-15,11.8,0.163,2.3,11.0,339.667,0.853,8.233,0.012,0.065,11.9,3.0,5.8
2007-03-15,6.533,0.17,1.7,10.333,349.333,0.787,,,0.026,12.0,2.6,6.5
2007-04-15,3.6,0.135,1.15,7.5,311.0,0.57,8.25,,0.006,10.2,1.55,9.85
2007-05-15,101.3,0.135,2.4,6.15,272.5,0.565,8.2,0.063,0.1,10.05,5.95,10.65
2007-06-15,33.1,0.015,,4.5,292.0,0.525,8.25,0.006,0.047,9.95,1.8,14.25
2007-07-15,11.35,0.04,1.6,5.825,319.0,0.545,8.25,0.014,0.04,9.975,2.075,13.575
2007-08-15,3.1,0.02,,8.15,352.0,0.56,8.25,0.012,0.011,9.6,1.2,14.9
2007-09-15,7.7,0.055,1.2,5.6,340.0,0.575,8.2,0.008,0.018,9.8,1.45,12.15
2007-10-15,,0.02,1.2,8.0,374.0,0.625,8.2,,0.011,10.25,1.35,6.6
2007-11-15,3.9,0.055,1.5,10.5,394.0,0.69,8.2,0.006,0.011,11.4,1.65,5.2
2007-12-15,6.2,0.025,1.5,8.5,368.0,0.665,8.25,0.012,0.028,12.25,1.95,3.15
2008-01-15,,0.347,1.8,15.0,404.333,0.727,8.167,0.007,0.015,11.333,1.7,3.333
2008-02-15,5.4,0.39,,11.0,373.0,0.71,8.2,0.014,0.018,11.85,1.75,5.95
2008-03-15,,0.4,1.35,16.0,393.5,0.735,8.15,0.03,0.042,11.2,2.3,4.25
2008-04-15,17.6,0.09,3.0,7.0,309.5,0.655,8.3,0.009,0.036,12.1,2.35,6.6
2008-05-15,17.5,0.05,1.3,3.4,235.5,0.415,8.2,,0.022,10.75,1.15,8.9
2008-06-15,8.133,0.087,1.367,6.333,279.667,0.49,8.25,0.007,0.018,9.733,1.0,12.633
2008-07-15,32.0,0.03,1.1,6.0,312.0,0.555,8.25,0.008,0.042,9.85,1.6,13.1
2008-08-15,4.3,,,6.0,317.5,0.5,8.3,,0.014,9.8,1.15,13.85
2008-09-15,,0.02,,8.5,356.0,0.675,8.25,,0.009,9.65,1.2,11.5
2008-10-15,43.0,0.05,1.75,6.5,323.5,0.57,8.25,,0.029,10.1,2.35,10.05
2008-11-15,2.0,0.06,1.35,7.55,363.0,0.595,8.25,0.007,0.012,10.6,2.05,7.15
2008-12-15,,0.145,1.3,15.0,405.0,0.695,8.25,,0.014,11.2,1.7,3.45
2009-01-15,,0.42,2.25,15.0,413.0,0.703,8.3,0.01,0.018,12.367,1.767,1.5
2009-02-15,9.9,0.623,2.1,29.333,452.667,0.803,8.267,0.011,0.03,11.833,2.033,4.2
2009-03-15,10.65,0.52,2.0,32.5,432.0,1.0,8.2,0.016,0.05,11.8,3.4,4.4
2009-04-15,18.0,0.08,1.3,5.5,273.5,0.6,8.3,,0.027,11.5,1.75,7.75
2009-05-15,9.0,0.1,1.45,5.5,273.5,0.505,8.35,,0.016,11.05,1.35,8.55
2009-06-15,6.6,0.047,1.0,6.867,310.667,0.543,8.267,0.007,0.013,9.767,1.5,13.733
2009-07-15,14.0,0.03,1.8,10.4,321.5,0.58,8.35,0.014,0.044,9.65,2.1,14.85
2009-08-15,8.3,0.02,,7.0,339.0,0.615,8.35,0.012,0.019,9.2,1.45,15.9
2009-09-15,9.5,0.03,1.2,6.0,326.0,0.5,8.4,0.009,0.027,10.2,2.3,11.7
2009-10-15,,0.025,1.0,9.0,367.0,0.605,8.3,0.012,0.023,10.3,2.3,9.7
2009-11-15,39.0,0.05,3.25,6.0,302.0,0.575,8.3,0.024,0.084,10.6,4.4,8.45
2009-12-15,4.5,0.065,1.75,11.0,376.0,0.72,8.4,0.018,0.028,11.0,2.2,4.9
2010-01-15,2.1,0.26,1.8,15.5,408.5,0.8,8.2,0.006,0.011,11.9,1.7,1.95
2010-02-15,,0.35,1.5,33.5,475.0,0.875,8.2,,0.012,11.75,2.15,3.1
2010-03-15,10.1,0.23,2.25,14.0,366.5,0.83,8.3,0.008,0.026,12.15,2.15,4.55
2010-04-15,3.6,0.165,1.5,10.0,329.5,0.665,8.25,0.008,0.014,10.85,1.3,8.3
2010-05-15,5.9,0.02,1.2,6.5,302.0,0.605,8.2,,0.015,10.7,1.45,9.05
2010-06-15,23.3,0.017,1.6,7.667,317.0,0.603,8.267,0.011,0.036,10.4,1.767,12.433
2010-07-15,12.05,0.04,1.3,7.0,330.5,0.565,8.3,0.014,0.028,9.3,1.75,12.4
2010-08-15,3.5,0.02,,7.7,348.5,0.56,8.25,0.007,0.014,9.6,1.7,14.8
2010-09-15,2.3,0.02,,9.7,363.0,0.73,8.3,0.013,0.016,10.4,1.2,12.5
2010-10-15,16.0,0.06,1.9,8.5,359.0,0.845,8.25,0.045,0.062,10.2,4.65,9.55
